Date,Source,Site ID,POC,Daily Mean PM2.5 Concentration,UNITS,DAILY_AQI_VALUE,Site Name,DAILY_OBS_COUNT,PERCENT_COMPLETE,AQS_PARAMETER_CODE,AQS_PARAMETER_DESC,CBSA_CODE,CBSA_NAME,STATE_CODE,STATE,COUNTY_CODE,COUNTY,SITE_LATITUDE,SITE_LONGITUDE
1/1/2010,AQS,410030013,3,1.8,ug/m3 LC,8,Corvallis Circle Blvd. at FD #3,1,100,88502,Acceptable PM2.5 AQI & Speciation Mass,18700,"Corvallis, OR",41,Oregon,3,Benton,44.5884,-123.2673
1/2/2010,AQS,410030013,3,6.5,ug/m3 LC,27,Corvallis Circle Blvd. at FD #3,1,100,88502,Acceptable PM2.5 AQI & Speciation Mass,18700,"Corvallis, OR",41,Oregon,3,Benton,44.5884,-123.2673
1/3/2010,AQS,410030013,3,10.5,ug/m3 LC,44,Corvallis Circle Blvd. at FD #3,1,100,88502,Acceptable PM2.5 AQI & Speciation Mass,18700,"Corvallis, OR",41,Oregon,3,Benton,44.5884,-123.2673
1/4/2010,AQS,410030013,3,8,ug/m3 LC,33,Corvallis Circle Blvd. at FD #3,1,100,88502,Acceptable PM2.5 AQI & Speciation Mass,18700,"Corvallis, OR",41,Oregon,3,Benton,44.5884,-123.2673
1/5/2010,AQS,410030013,3,6,ug/m3 LC,25,Corvallis Circle Blvd. at FD #3,1,100,88502,Acceptable PM2.5 AQI & Speciation Mass,18700,"Corvallis, OR",41,Oregon,3,Benton,44.5884,-123.2673
1/6/2010,AQS,410030013,3,3.3,ug/m3 LC,14,Corvallis Circle Blvd. at FD #3,1,100,88502,Acceptable PM2.5 AQI & Speciation Mass,18700,"Corvallis, OR",41,Oregon,3,Benton,44.5884,-123.2673
1/7/2010,AQS,410030013,3,8.7,ug/m3 LC,36,Corvallis Circle Blvd. at FD #3,1,100,88502,Acceptable PM2.5 AQI & Speciation Mass,18700,"Corvallis, OR",41,Oregon,3,Benton,44.5884,-123.2673
1/8/2010,AQS,410030013,3,9.2,ug/m3 LC,38,Corvallis Circle Blvd. at FD #3,1,100,88502,Acceptable PM2.5 AQI & Speciation Mass,18700,"Corvallis, OR",41,Oregon,3,Benton,44.5884,-123.2673
1/9/2010,AQS,410030013,3,13.6,ug/m3 LC,54,Corvallis Circle Blvd. at FD #3,1,100,88502,Acceptable PM2.5 AQI & Speciation Mass,18700,"Corvallis, OR",41,Oregon,3,Benton,44.5884,-123.2673
1/10/2010,AQS,410030013,3,14.8,ug/m3 LC,57,Corvallis Circle Blvd. at FD #3,1,100,88502,Acceptable PM2.5 AQI & Speciation Mass,18700,"Corvallis, OR",41,Oregon,3,Benton,44.5884,-123.2673
1/11/2010,AQS,410030013,3,17,ug/m3 LC,61,Corvallis Circle Blvd. at FD #3,1,100,88502,Acceptable PM2.5 AQI & Speciation Mass,18700,"Corvallis, OR",41,Oregon,3,Benton,44.5884,-123.2673
1/12/2010,AQS,410030013,3,5.7,ug/m3 LC,24,Corvallis Circle Blvd. at FD #3,1,100,88502,Acceptable PM2.5 AQI & Speciation Mass,18700,"Corvallis, OR",41,Oregon,3,Benton,44.5884,-123.2673
1/13/2010,AQS,410030013,3,2.7,ug/m3 LC,11,Corvallis Circle Blvd. at FD #3,1,100,88502,Acceptable PM2.5 AQI & Speciation Mass,18700,"Corvallis, OR",41,Oregon,3,Benton,44.5884,-123.2673
1/14/2010,AQS,410030013,3,4.4,ug/m3 LC,18,Corvallis Circle Blvd. at FD #3,1,100,88502,Acceptable PM2.5 AQI & Speciation Mass,18700,"Corvallis, OR",41,Oregon,3,Benton,44.5884,-123.2673
1/15/2010,AQS,410030013,3,3,ug/m3 LC,13,Corvallis Circle Blvd. at FD #3,1,100,88502,Acceptable PM2.5 AQI & Speciation Mass,18700,"Corvallis, OR",41,Oregon,3,Benton,44.5884,-123.2673
1/16/2010,AQS,410030013,3,3.4,ug/m3 LC,14,Corvallis Circle Blvd. at FD #3,1,100,88502,Acceptable PM2.5 AQI & Speciation Mass,18700,"Corvallis, OR",41,Oregon,3,Benton,44.5884,-123.2673
1/17/2010,AQS,410030013,3,3.1,ug/m3 LC,13,Corvallis Circle Blvd. at FD #3,1,100,88502,Acceptable PM2.5 AQI & Speciation Mass,18700,"Corvallis, OR",41,Oregon,3,Benton,44.5884,-123.2673
1/18/2010,AQS,410030013,3,5,ug/m3 LC,21,Corvallis Circle Blvd. at FD #3,1,100,88502,Acceptable PM2.5 AQI & Speciation Mass,18700,"Corvallis, OR",41,Oregon,3,Benton,44.5884,-123.2673
1/19/2010,AQS,410030013,3,3.1,ug/m3 LC,13,Corvallis Circle Blvd. at FD #3,1,100,88502,Acceptable PM2.5 AQI & Speciation Mass,18700,"Corvallis, OR",41,Oregon,3,Benton,44.5884,-123.2673
1/20/2010,AQS,410030013,3,3.2,ug/m3 LC,13,Corvallis Circle Blvd. at FD #3,1,100,88502,Acceptable PM2.5 AQI & Speciation Mass,18700,"Corvallis, OR",41,Oregon,3,Benton,44.5884,-123.2673
1/21/2010,AQS,410030013,3,3.8,ug/m3 LC,16,Corvallis Circle Blvd. at FD #3,1,100,88502,Acceptable PM2.5 AQI & Speciation Mass,18700,"Corvallis, OR",41,Oregon,3,Benton,44.5884,-123.2673
1/22/2010,AQS,410030013,3,4.3,ug/m3 LC,18,Corvallis Circle Blvd. at FD #3,1,100,88502,Acceptable PM2.5 AQI & Speciation Mass,18700,"Corvallis, OR",41,Oregon,3,Benton,44.5884,-123.2673
1/23/2010,AQS,410030013,3,5.7,ug/m3 LC,24,Corvallis Circle Blvd. at FD #3,1,100,88502,Acceptable PM2.5 AQI & Speciation Mass,18700,"Corvallis, OR",41,Oregon,3,Benton,44.5884,-123.2673
1/24/2010,AQS,410030013,3,5,ug/m3 LC,21,Corvallis Circle Blvd. at FD #3,1,100,88502,Acceptable PM2.5 AQI & Speciation Mass,18700,"Corvallis, OR",41,Oregon,3,Benton,44.5884,-123.2673
1/25/2010,AQS,410030013,3,3.4,ug/m3 LC,14,Corvallis Circle Blvd. at FD #3,1,100,88502,Acceptable PM2.5 AQI & Speciation Mass,18700,"Corvallis, OR",41,Oregon,3,Benton,44.5884,-123.2673
1/26/2010,AQS,410030013,3,5.8,ug/m3 LC,24,Corvallis Circle Blvd. at FD #3,1,100,88502,Acceptable PM2.5 AQI & Speciation Mass,18700,"Corvallis, OR",41,Oregon,3,Benton,44.5884,-123.2673
1/27/2010,AQS,410030013,3,10.8,ug/m3 LC,45,Corvallis Circle Blvd. at FD #3,1,100,88502,Acceptable PM2.5 AQI & Speciation Mass,18700,"Corvallis, OR",41,Oregon,3,Benton,44.5884,-123.2673
1/28/2010,AQS,410030013,3,13.8,ug/m3 LC,55,Corvallis Circle Blvd. at FD #3,1,100,88502,Acceptable PM2.5 AQI & Speciation Mass,18700,"Corvallis, OR",41,Oregon,3,Benton,44.5884,-123.2673
1/29/2010,AQS,410030013,3,9.5,ug/m3 LC,40,Corvallis Circle Blvd. at FD #3,1,100,88502,Acceptable PM2.5 AQI & Speciation Mass,18700,"Corvallis, OR",41,Oregon,3,Benton,44.5884,-123.2673
1/30/2010,AQS,410030013,3,10.6,ug/m3 LC,44,Corvallis Circle Blvd. at FD #3,1,100,88502,Acceptable PM2.5 AQI & Speciation Mass,18700,"Corvallis, OR",41,Oregon,3,Benton,44.5884,-123.2673
1/31/2010,AQS,410030013,3,6,ug/m3 LC,25,Corvallis Circle Blvd. at FD #3,1,100,88502,Acceptable PM2.5 AQI & Speciation Mass,18700,"Corvallis, OR",41,Oregon,3,Benton,44.5884,-123.2673
2/1/2010,AQS,410030013,3,10.2,ug/m3 LC,43,Corvallis Circle Blvd. at FD #3,1,100,88502,Acceptable PM2.5 AQI & Speciation Mass,18700,"Corvallis, OR",41,Oregon,3,Benton,44.5884,-123.2673
2/2/2010,AQS,410030013,3,7.4,ug/m3 LC,31,Corvallis Circle Blvd. at FD #3,1,100,88502,Acceptable PM2.5 AQI & Speciation Mass,18700,"Corvallis, OR",41,Oregon,3,Benton,44.5884,-123.2673
2/3/2010,AQS,410030013,3,5.1,ug/m3 LC,21,Corvallis Circle Blvd. at FD #3,1,100,88502,Acceptable PM2.5 AQI & Speciation Mass,18700,"Corvallis, OR",41,Oregon,3,Benton,44.5884,-123.2673
2/4/2010,AQS,410030013,3,5.1,ug/m3 LC,21,Corvallis Circle Blvd. at FD #3,1,100,88502,Acceptable PM2.5 AQI & Speciation Mass,18700,"Corvallis, OR",41,Oregon,3,Benton,44.5884,-123.2673
2/5/2010,AQS,410030013,3,4.8,ug/m3 LC,20,Corvallis Circle Blvd. at FD #3,1,100,88502,Acceptable PM2.5 AQI & Speciation Mass,18700,"Corvallis, OR",41,Oregon,3,Benton,44.5884,-123.2673
2/6/2010,AQS,410030013,3,7.1,ug/m3 LC,30,Corvallis Circle Blvd. at FD #3,1,100,88502,Acceptable PM2.5 AQI & Speciation Mass,18700,"Corvallis, OR",41,Oregon,3,Benton,44.5884,-123.2673
2/7/2010,AQS,410030013,3,6.8,ug/m3 LC,28,Corvallis Circle Blvd. at FD #3,1,100,88502,Acceptable PM2.5 AQI & Speciation Mass,18700,"Corvallis, OR",41,Oregon,3,Benton,44.5884,-123.2673
2/8/2010,AQS,410030013,3,7.7,ug/m3 LC,32,Corvallis Circle Blvd. at FD #3,1,100,88502,Acceptable PM2.5 AQI & Speciation Mass,18700,"Corvallis, OR",41,Oregon,3,Benton,44.5884,-123.2673
2/9/2010,AQS,410030013,3,12.4,ug/m3 LC,52,Corvallis Circle Blvd. at FD #3,1,100,88502,Acceptable PM2.5 AQI & Speciation Mass,18700,"Corvallis, OR",41,Oregon,3,Benton,44.5884,-123.2673
2/10/2010,AQS,410030013,3,5.1,ug/m3 LC,21,Corvallis Circle Blvd. at FD #3,1,100,88502,Acceptable PM2.5 AQI & Speciation Mass,18700,"Corvallis, OR",41,Oregon,3,Benton,44.5884,-123.2673
2/11/2010,AQS,410030013,3,1.9,ug/m3 LC,8,Corvallis Circle Blvd. at FD #3,1,100,88502,Acceptable PM2.5 AQI & Speciation Mass,18700,"Corvallis, OR",41,Oregon,3,Benton,44.5884,-123.2673
2/12/2010,AQS,410030013,3,3.1,ug/m3 LC,13,Corvallis Circle Blvd. at FD #3,1,100,88502,Acceptable PM2.5 AQI & Speciation Mass,18700,"Corvallis, OR",41,Oregon,3,Benton,44.5884,-123.2673
2/13/2010,AQS,410030013,3,6.5,ug/m3 LC,27,Corvallis Circle Blvd. at FD #3,1,100,88502,Acceptable PM2.5 AQI & Speciation Mass,18700,"Corvallis, OR",41,Oregon,3,Benton,44.5884,-123.2673
2/14/2010,AQS,410030013,3,3.9,ug/m3 LC,16,Corvallis Circle Blvd. at FD #3,1,100,88502,Acceptable PM2.5 AQI & Speciation Mass,18700,"Corvallis, OR",41,Oregon,3,Benton,44.5884,-123.2673
2/15/2010,AQS,410030013,3,8.9,ug/m3 LC,37,Corvallis Circle Blvd. at FD #3,1,100,88502,Acceptable PM2.5 AQI & Speciation Mass,18700,"Corvallis, OR",41,Oregon,3,Benton,44.5884,-123.2673
2/16/2010,AQS,410030013,3,3,ug/m3 LC,13,Corvallis Circle Blvd. at FD #3,1,100,88502,Acceptable PM2.5 AQI & Speciation Mass,18700,"Corvallis, OR",41,Oregon,3,Benton,44.5884,-123.2673
2/17/2010,AQS,410030013,3,7.8,ug/m3 LC,33,Corvallis Circle Blvd. at FD #3,1,100,88502,Acceptable PM2.5 AQI & Speciation Mass,18700,"Corvallis, OR",41,Oregon,3,Benton,44.5884,-123.2673
2/18/2010,AQS,410030013,3,8.5,ug/m3 LC,35,Corvallis Circle Blvd. at FD #3,1,100,88502,Acceptable PM2.5 AQI & Speciation Mass,18700,"Corvallis, OR",41,Oregon,3,Benton,44.5884,-123.2673
2/19/2010,AQS,410030013,3,3.7,ug/m3 LC,15,Corvallis Circle Blvd. at FD #3,1,100,88502,Acceptable PM2.5 AQI & Speciation Mass,18700,"Corvallis, OR",41,Oregon,3,Benton,44.5884,-123.2673
2/20/2010,AQS,410030013,3,5.7,ug/m3 LC,24,Corvallis Circle Blvd. at FD #3,1,100,88502,Acceptable PM2.5 AQI & Speciation Mass,18700,"Corvallis, OR",41,Oregon,3,Benton,44.5884,-123.2673
2/21/2010,AQS,410030013,3,4.6,ug/m3 LC,19,Corvallis Circle Blvd. at FD #3,1,100,88502,Acceptable PM2.5 AQI & Speciation Mass,18700,"Corvallis, OR",41,Oregon,3,Benton,44.5884,-123.2673
2/22/2010,AQS,410030013,3,8.7,ug/m3 LC,36,Corvallis Circle Blvd. at FD #3,1,100,88502,Acceptable PM2.5 AQI & Speciation Mass,18700,"Corvallis, OR",41,Oregon,3,Benton,44.5884,-123.2673
2/23/2010,AQS,410030013,3,13,ug/m3 LC,53,Corvallis Circle Blvd. at FD #3,1,100,88502,Acceptable PM2.5 AQI & Speciation Mass,18700,"Corvallis, OR",41,Oregon,3,Benton,44.5884,-123.2673
2/24/2010,AQS,410030013,3,3.3,ug/m3 LC,14,Corvallis Circle Blvd. at FD #3,1,100,88502,Acceptable PM2.5 AQI & Speciation Mass,18700,"Corvallis, OR",41,Oregon,3,Benton,44.5884,-123.2673
2/25/2010,AQS,410030013,3,4.3,ug/m3 LC,18,Corvallis Circle Blvd. at FD #3,1,100,88502,Acceptable PM2.5 AQI & Speciation Mass,18700,"Corvallis, OR",41,Oregon,3,Benton,44.5884,-123.2673
2/26/2010,AQS,410030013,3,2.8,ug/m3 LC,12,Corvallis Circle Blvd. at FD #3,1,100,88502,Acceptable PM2.5 AQI & Speciation Mass,18700,"Corvallis, OR",41,Oregon,3,Benton,44.5884,-123.2673
2/27/2010,AQS,410030013,3,2.7,ug/m3 LC,11,Corvallis Circle Blvd. at FD #3,1,100,88502,Acceptable PM2.5 AQI & Speciation Mass,18700,"Corvallis, OR",41,Oregon,3,Benton,44.5884,-123.2673
2/28/2010,AQS,410030013,3,6.3,ug/m3 LC,26,Corvallis Circle Blvd. at FD #3,1,100,88502,Acceptable PM2.5 AQI & Speciation Mass,18700,"Corvallis, OR",41,Oregon,3,Benton,44.5884,-123.2673
3/1/2010,AQS,410030013,3,7.5,ug/m3 LC,31,Corvallis Circle Blvd. at FD #3,1,100,88502,Acceptable PM2.5 AQI & Speciation Mass,18700,"Corvallis, OR",41,Oregon,3,Benton,44.5884,-123.2673
3/2/2010,AQS,410030013,3,3.8,ug/m3 LC,16,Corvallis Circle Blvd. at FD #3,1,100,88502,Acceptable PM2.5 AQI & Speciation Mass,18700,"Corvallis, OR",41,Oregon,3,Benton,44.5884,-123.2673
3/3/2010,AQS,410030013,3,3.1,ug/m3 LC,13,Corvallis Circle Blvd. at FD #3,1,100,88502,Acceptable PM2.5 AQI & Speciation Mass,18700,"Corvallis, OR",41,Oregon,3,Benton,44.5884,-123.2673
3/4/2010,AQS,410030013,3,4.3,ug/m3 LC,18,Corvallis Circle Blvd. at FD #3,1,100,88502,Acceptable PM2.5 AQI & Speciation Mass,18700,"Corvallis, OR",41,Oregon,3,Benton,44.5884,-123.2673
3/5/2010,AQS,410030013,3,4.9,ug/m3 LC,20,Corvallis Circle Blvd. at FD #3,1,100,88502,Acceptable PM2.5 AQI & Speciation Mass,18700,"Corvallis, OR",41,Oregon,3,Benton,44.5884,-123.2673
3/6/2010,AQS,410030013,3,5.2,ug/m3 LC,22,Corvallis Circle Blvd. at FD #3,1,100,88502,Acceptable PM2.5 AQI & Speciation Mass,18700,"Corvallis, OR",41,Oregon,3,Benton,44.5884,-123.2673
3/7/2010,AQS,410030013,3,5.3,ug/m3 LC,22,Corvallis Circle Blvd. at FD #3,1,100,88502,Acceptable PM2.5 AQI & Speciation Mass,18700,"Corvallis, OR",41,Oregon,3,Benton,44.5884,-123.2673
3/8/2010,AQS,410030013,3,2.8,ug/m3 LC,12,Corvallis Circle Blvd. at FD #3,1,100,88502,Acceptable PM2.5 AQI & Speciation Mass,18700,"Corvallis, OR",41,Oregon,3,Benton,44.5884,-123.2673
3/9/2010,AQS,410030013,3,3.6,ug/m3 LC,15,Corvallis Circle Blvd. at FD #3,1,100,88502,Acceptable PM2.5 AQI & Speciation Mass,18700,"Corvallis, OR",41,Oregon,3,Benton,44.5884,-123.2673
3/10/2010,AQS,410030013,3,3.8,ug/m3 LC,16,Corvallis Circle Blvd. at FD #3,1,100,88502,Acceptable PM2.5 AQI & Speciation Mass,18700,"Corvallis, OR",41,Oregon,3,Benton,44.5884,-123.2673
3/11/2010,AQS,410030013,3,2.6,ug/m3 LC,11,Corvallis Circle Blvd. at FD #3,1,100,88502,Acceptable PM2.5 AQI & Speciation Mass,18700,"Corvallis, OR",41,Oregon,3,Benton,44.5884,-123.2673
3/12/2010,AQS,410030013,3,2.2,ug/m3 LC,9,Corvallis Circle Blvd. at FD #3,1,100,88502,Acceptable PM2.5 AQI & Speciation Mass,18700,"Corvallis, OR",41,Oregon,3,Benton,44.5884,-123.2673
3/13/2010,AQS,410030013,3,3.1,ug/m3 LC,13,Corvallis Circle Blvd. at FD #3,1,100,88502,Acceptable PM2.5 AQI & Speciation Mass,18700,"Corvallis, OR",41,Oregon,3,Benton,44.5884,-123.2673
3/14/2010,AQS,410030013,3,6.2,ug/m3 LC,26,Corvallis Circle Blvd. at FD #3,1,100,88502,Acceptable PM2.5 AQI & Speciation Mass,18700,"Corvallis, OR",41,Oregon,3,Benton,44.5884,-123.2673
3/15/2010,AQS,410030013,3,6.5,ug/m3 LC,27,Corvallis Circle Blvd. at FD #3,1,100,88502,Acceptable PM2.5 AQI & Speciation Mass,18700,"Corvallis, OR",41,Oregon,3,Benton,44.5884,-123.2673
3/16/2010,AQS,410030013,3,5.3,ug/m3 LC,22,Corvallis Circle Blvd. at FD #3,1,100,88502,Acceptable PM2.5 AQI & Speciation Mass,18700,"Corvallis, OR",41,Oregon,3,Benton,44.5884,-123.2673
3/17/2010,AQS,410030013,3,4.1,ug/m3 LC,17,Corvallis Circle Blvd. at FD #3,1,100,88502,Acceptable PM2.5 AQI & Speciation Mass,18700,"Corvallis, OR",41,Oregon,3,Benton,44.5884,-123.2673
3/18/2010,AQS,410030013,3,2.1,ug/m3 LC,9,Corvallis Circle Blvd. at FD #3,1,100,88502,Acceptable PM2.5 AQI & Speciation Mass,18700,"Corvallis, OR",41,Oregon,3,Benton,44.5884,-123.2673
3/19/2010,AQS,410030013,3,4.2,ug/m3 LC,18,Corvallis Circle Blvd. at FD #3,1,100,88502,Acceptable PM2.5 AQI & Speciation Mass,18700,"Corvallis, OR",41,Oregon,3,Benton,44.5884,-123.2673
3/20/2010,AQS,410030013,3,4.7,ug/m3 LC,20,Corvallis Circle Blvd. at FD #3,1,100,88502,Acceptable PM2.5 AQI & Speciation Mass,18700,"Corvallis, OR",41,Oregon,3,Benton,44.5884,-123.2673
3/21/2010,AQS,410030013,3,2.2,ug/m3 LC,9,Corvallis Circle Blvd. at FD #3,1,100,88502,Acceptable PM2.5 AQI & Speciation Mass,18700,"Corvallis, OR",41,Oregon,3,Benton,44.5884,-123.2673
3/22/2010,AQS,410030013,3,2.3,ug/m3 LC,10,Corvallis Circle Blvd. at FD #3,1,100,88502,Acceptable PM2.5 AQI & Speciation Mass,18700,"Corvallis, OR",41,Oregon,3,Benton,44.5884,-123.2673
3/23/2010,AQS,410030013,3,4.3,ug/m3 LC,18,Corvallis Circle Blvd. at FD #3,1,100,88502,Acceptable PM2.5 AQI & Speciation Mass,18700,"Corvallis, OR",41,Oregon,3,Benton,44.5884,-123.2673
3/24/2010,AQS,410030013,3,4.1,ug/m3 LC,17,Corvallis Circle Blvd. at FD #3,1,100,88502,Acceptable PM2.5 AQI & Speciation Mass,18700,"Corvallis, OR",41,Oregon,3,Benton,44.5884,-123.2673
3/25/2010,AQS,410030013,3,1.5,ug/m3 LC,6,Corvallis Circle Blvd. at FD #3,1,100,88502,Acceptable PM2.5 AQI & Speciation Mass,18700,"Corvallis, OR",41,Oregon,3,Benton,44.5884,-123.2673
3/26/2010,AQS,410030013,3,4.8,ug/m3 LC,20,Corvallis Circle Blvd. at FD #3,1,100,88502,Acceptable PM2.5 AQI & Speciation Mass,18700,"Corvallis, OR",41,Oregon,3,Benton,44.5884,-123.2673
3/27/2010,AQS,410030013,3,3.8,ug/m3 LC,16,Corvallis Circle Blvd. at FD #3,1,100,88502,Acceptable PM2.5 AQI & Speciation Mass,18700,"Corvallis, OR",41,Oregon,3,Benton,44.5884,-123.2673
3/28/2010,AQS,410030013,3,3.2,ug/m3 LC,13,Corvallis Circle Blvd. at FD #3,1,100,88502,Acceptable PM2.5 AQI & Speciation Mass,18700,"Corvallis, OR",41,Oregon,3,Benton,44.5884,-123.2673
3/29/2010,AQS,410030013,3,1.5,ug/m3 LC,6,Corvallis Circle Blvd. at FD #3,1,100,88502,Acceptable PM2.5 AQI & Speciation Mass,18700,"Corvallis, OR",41,Oregon,3,Benton,44.5884,-123.2673
3/30/2010,AQS,410030013,3,1.2,ug/m3 LC,5,Corvallis Circle Blvd. at FD #3,1,100,88502,Acceptable PM2.5 AQI & Speciation Mass,18700,"Corvallis, OR",41,Oregon,3,Benton,44.5884,-123.2673
3/31/2010,AQS,410030013,3,2.5,ug/m3 LC,10,Corvallis Circle Blvd. at FD #3,1,100,88502,Acceptable PM2.5 AQI & Speciation Mass,18700,"Corvallis, OR",41,Oregon,3,Benton,44.5884,-123.2673
4/1/2010,AQS,410030013,3,3.8,ug/m3 LC,16,Corvallis Circle Blvd. at FD #3,1,100,88502,Acceptable PM2.5 AQI & Speciation Mass,18700,"Corvallis, OR",41,Oregon,3,Benton,44.5884,-123.2673
4/2/2010,AQS,410030013,3,2.5,ug/m3 LC,10,Corvallis Circle Blvd. at FD #3,1,100,88502,Acceptable PM2.5 AQI & Speciation Mass,18700,"Corvallis, OR",41,Oregon,3,Benton,44.5884,-123.2673
4/3/2010,AQS,410030013,3,2.8,ug/m3 LC,12,Corvallis Circle Blvd. at FD #3,1,100,88502,Acceptable PM2.5 AQI & Speciation Mass,18700,"Corvallis, OR",41,Oregon,3,Benton,44.5884,-123.2673
4/4/2010,AQS,410030013,3,3,ug/m3 LC,13,Corvallis Circle Blvd. at FD #3,1,100,88502,Acceptable PM2.5 AQI & Speciation Mass,18700,"Corvallis, OR",41,Oregon,3,Benton,44.5884,-123.2673
4/5/2010,AQS,410030013,3,1.3,ug/m3 LC,5,Corvallis Circle Blvd. at FD #3,1,100,88502,Acceptable PM2.5 AQI & Speciation Mass,18700,"Corvallis, OR",41,Oregon,3,Benton,44.5884,-123.2673
4/6/2010,AQS,410030013,3,2.7,ug/m3 LC,11,Corvallis Circle Blvd. at FD #3,1,100,88502,Acceptable PM2.5 AQI & Speciation Mass,18700,"Corvallis, OR",41,Oregon,3,Benton,44.5884,-123.2673
4/7/2010,AQS,410030013,3,3.5,ug/m3 LC,15,Corvallis Circle Blvd. at FD #3,1,100,88502,Acceptable PM2.5 AQI & Speciation Mass,18700,"Corvallis, OR",41,Oregon,3,Benton,44.5884,-123.2673
4/8/2010,AQS,410030013,3,2.3,ug/m3 LC,10,Corvallis Circle Blvd. at FD #3,1,100,88502,Acceptable PM2.5 AQI & Speciation Mass,18700,"Corvallis, OR",41,Oregon,3,Benton,44.5884,-123.2673
4/9/2010,AQS,410030013,3,2.5,ug/m3 LC,10,Corvallis Circle Blvd. at FD #3,1,100,88502,Acceptable PM2.5 AQI & Speciation Mass,18700,"Corvallis, OR",41,Oregon,3,Benton,44.5884,-123.2673
4/10/2010,AQS,410030013,3,2.7,ug/m3 LC,11,Corvallis Circle Blvd. at FD #3,1,100,88502,Acceptable PM2.5 AQI & Speciation Mass,18700,"Corvallis, OR",41,Oregon,3,Benton,44.5884,-123.2673
4/11/2010,AQS,410030013,3,3.8,ug/m3 LC,16,Corvallis Circle Blvd. at FD #3,1,100,88502,Acceptable PM2.5 AQI & Speciation Mass,18700,"Corvallis, OR",41,Oregon,3,Benton,44.5884,-123.2673
4/12/2010,AQS,410030013,3,1.5,ug/m3 LC,6,Corvallis Circle Blvd. at FD #3,1,100,88502,Acceptable PM2.5 AQI & Speciation Mass,18700,"Corvallis, OR",41,Oregon,3,Benton,44.5884,-123.2673
4/13/2010,AQS,410030013,3,2.6,ug/m3 LC,11,Corvallis Circle Blvd. at FD #3,1,100,88502,Acceptable PM2.5 AQI & Speciation Mass,18700,"Corvallis, OR",41,Oregon,3,Benton,44.5884,-123.2673
4/14/2010,AQS,410030013,3,3.8,ug/m3 LC,16,Corvallis Circle Blvd. at FD #3,1,100,88502,Acceptable PM2.5 AQI & Speciation Mass,18700,"Corvallis, OR",41,Oregon,3,Benton,44.5884,-123.2673
4/15/2010,AQS,410030013,3,2.6,ug/m3 LC,11,Corvallis Circle Blvd. at FD #3,1,100,88502,Acceptable PM2.5 AQI & Speciation Mass,18700,"Corvallis, OR",41,Oregon,3,Benton,44.5884,-123.2673
4/16/2010,AQS,410030013,3,3.7,ug/m3 LC,15,Corvallis Circle Blvd. at FD #3,1,100,88502,Acceptable PM2.5 AQI & Speciation Mass,18700,"Corvallis, OR",41,Oregon,3,Benton,44.5884,-123.2673
4/17/2010,AQS,410030013,3,3.4,ug/m3 LC,14,Corvallis Circle Blvd. at FD #3,1,100,88502,Acceptable PM2.5 AQI & Speciation Mass,18700,"Corvallis, OR",41,Oregon,3,Benton,44.5884,-123.2673
4/18/2010,AQS,410030013,3,4,ug/m3 LC,17,Corvallis Circle Blvd. at FD #3,1,100,88502,Acceptable PM2.5 AQI & Speciation Mass,18700,"Corvallis, OR",41,Oregon,3,Benton,44.5884,-123.2673
4/19/2010,AQS,410030013,3,3.9,ug/m3 LC,16,Corvallis Circle Blvd. at FD #3,1,100,88502,Acceptable PM2.5 AQI & Speciation Mass,18700,"Corvallis, OR",41,Oregon,3,Benton,44.5884,-123.2673
4/20/2010,AQS,410030013,3,1.7,ug/m3 LC,7,Corvallis Circle Blvd. at FD #3,1,100,88502,Acceptable PM2.5 AQI & Speciation Mass,18700,"Corvallis, OR",41,Oregon,3,Benton,44.5884,-123.2673
4/21/2010,AQS,410030013,3,2.3,ug/m3 LC,10,Corvallis Circle Blvd. at FD #3,1,100,88502,Acceptable PM2.5 AQI & Speciation Mass,18700,"Corvallis, OR",41,Oregon,3,Benton,44.5884,-123.2673
4/22/2010,AQS,410030013,3,4.9,ug/m3 LC,20,Corvallis Circle Blvd. at FD #3,1,100,88502,Acceptable PM2.5 AQI & Speciation Mass,18700,"Corvallis, OR",41,Oregon,3,Benton,44.5884,-123.2673
4/23/2010,AQS,410030013,3,4,ug/m3 LC,17,Corvallis Circle Blvd. at FD #3,1,100,88502,Acceptable PM2.5 AQI & Speciation Mass,18700,"Corvallis, OR",41,Oregon,3,Benton,44.5884,-123.2673
4/24/2010,AQS,410030013,3,2.8,ug/m3 LC,12,Corvallis Circle Blvd. at FD #3,1,100,88502,Acceptable PM2.5 AQI & Speciation Mass,18700,"Corvallis, OR",41,Oregon,3,Benton,44.5884,-123.2673
4/25/2010,AQS,410030013,3,4.4,ug/m3 LC,18,Corvallis Circle Blvd. at FD #3,1,100,88502,Acceptable PM2.5 AQI & Speciation Mass,18700,"Corvallis, OR",41,Oregon,3,Benton,44.5884,-123.2673
4/26/2010,AQS,410030013,3,5.5,ug/m3 LC,23,Corvallis Circle Blvd. at FD #3,1,100,88502,Acceptable PM2.5 AQI & Speciation Mass,18700,"Corvallis, OR",41,Oregon,3,Benton,44.5884,-123.2673
4/27/2010,AQS,410030013,3,1.3,ug/m3 LC,5,Corvallis Circle Blvd. at FD #3,1,100,88502,Acceptable PM2.5 AQI & Speciation Mass,18700,"Corvallis, OR",41,Oregon,3,Benton,44.5884,-123.2673
4/28/2010,AQS,410030013,3,1.9,ug/m3 LC,8,Corvallis Circle Blvd. at FD #3,1,100,88502,Acceptable PM2.5 AQI & Speciation Mass,18700,"Corvallis, OR",41,Oregon,3,Benton,44.5884,-123.2673
4/29/2010,AQS,410030013,3,2.1,ug/m3 LC,9,Corvallis Circle Blvd. at FD #3,1,100,88502,Acceptable PM2.5 AQI & Speciation Mass,18700,"Corvallis, OR",41,Oregon,3,Benton,44.5884,-123.2673
4/30/2010,AQS,410030013,3,1.7,ug/m3 LC,7,Corvallis Circle Blvd. at FD #3,1,100,88502,Acceptable PM2.5 AQI & Speciation Mass,18700,"Corvallis, OR",41,Oregon,3,Benton,44.5884,-123.2673
5/1/2010,AQS,410030013,3,1.1,ug/m3 LC,5,Corvallis Circle Blvd. at FD #3,1,100,88502,Acceptable PM2.5 AQI & Speciation Mass,18700,"Corvallis, OR",41,Oregon,3,Benton,44.5884,-123.2673
5/2/2010,AQS,410030013,3,1.4,ug/m3 LC,6,Corvallis Circle Blvd. at FD #3,1,100,88502,Acceptable PM2.5 AQI & Speciation Mass,18700,"Corvallis, OR",41,Oregon,3,Benton,44.5884,-123.2673
5/3/2010,AQS,410030013,3,1.8,ug/m3 LC,8,Corvallis Circle Blvd. at FD #3,1,100,88502,Acceptable PM2.5 AQI & Speciation Mass,18700,"Corvallis, OR",41,Oregon,3,Benton,44.5884,-123.2673
5/4/2010,AQS,410030013,3,2.1,ug/m3 LC,9,Corvallis Circle Blvd. at FD #3,1,100,88502,Acceptable PM2.5 AQI & Speciation Mass,18700,"Corvallis, OR",41,Oregon,3,Benton,44.5884,-123.2673
5/5/2010,AQS,410030013,3,1.5,ug/m3 LC,6,Corvallis Circle Blvd. at FD #3,1,100,88502,Acceptable PM2.5 AQI & Speciation Mass,18700,"Corvallis, OR",41,Oregon,3,Benton,44.5884,-123.2673
5/6/2010,AQS,410030013,3,3.5,ug/m3 LC,15,Corvallis Circle Blvd. at FD #3,1,100,88502,Acceptable PM2.5 AQI & Speciation Mass,18700,"Corvallis, OR",41,Oregon,3,Benton,44.5884,-123.2673
5/7/2010,AQS,410030013,3,3.6,ug/m3 LC,15,Corvallis Circle Blvd. at FD #3,1,100,88502,Acceptable PM2.5 AQI & Speciation Mass,18700,"Corvallis, OR",41,Oregon,3,Benton,44.5884,-123.2673
5/8/2010,AQS,410030013,3,3,ug/m3 LC,13,Corvallis Circle Blvd. at FD #3,1,100,88502,Acceptable PM2.5 AQI & Speciation Mass,18700,"Corvallis, OR",41,Oregon,3,Benton,44.5884,-123.2673
5/9/2010,AQS,410030013,3,3.9,ug/m3 LC,16,Corvallis Circle Blvd. at FD #3,1,100,88502,Acceptable PM2.5 AQI & Speciation Mass,18700,"Corvallis, OR",41,Oregon,3,Benton,44.5884,-123.2673
5/10/2010,AQS,410030013,3,1.5,ug/m3 LC,6,Corvallis Circle Blvd. at FD #3,1,100,88502,Acceptable PM2.5 AQI & Speciation Mass,18700,"Corvallis, OR",41,Oregon,3,Benton,44.5884,-123.2673
5/11/2010,AQS,410030013,3,2.9,ug/m3 LC,12,Corvallis Circle Blvd. at FD #3,1,100,88502,Acceptable PM2.5 AQI & Speciation Mass,18700,"Corvallis, OR",41,Oregon,3,Benton,44.5884,-123.2673
5/12/2010,AQS,410030013,3,4,ug/m3 LC,17,Corvallis Circle Blvd. at FD #3,1,100,88502,Acceptable PM2.5 AQI & Speciation Mass,18700,"Corvallis, OR",41,Oregon,3,Benton,44.5884,-123.2673
5/13/2010,AQS,410030013,3,3.8,ug/m3 LC,16,Corvallis Circle Blvd. at FD #3,1,100,88502,Acceptable PM2.5 AQI & Speciation Mass,18700,"Corvallis, OR",41,Oregon,3,Benton,44.5884,-123.2673
5/14/2010,AQS,410030013,3,3.9,ug/m3 LC,16,Corvallis Circle Blvd. at FD #3,1,100,88502,Acceptable PM2.5 AQI & Speciation Mass,18700,"Corvallis, OR",41,Oregon,3,Benton,44.5884,-123.2673
5/15/2010,AQS,410030013,3,4,ug/m3 LC,17,Corvallis Circle Blvd. at FD #3,1,100,88502,Acceptable PM2.5 AQI & Speciation Mass,18700,"Corvallis, OR",41,Oregon,3,Benton,44.5884,-123.2673
5/16/2010,AQS,410030013,3,4.9,ug/m3 LC,20,Corvallis Circle Blvd. at FD #3,1,100,88502,Acceptable PM2.5 AQI & Speciation Mass,18700,"Corvallis, OR",41,Oregon,3,Benton,44.5884,-123.2673
5/17/2010,AQS,410030013,3,4,ug/m3 LC,17,Corvallis Circle Blvd. at FD #3,1,100,88502,Acceptable PM2.5 AQI & Speciation Mass,18700,"Corvallis, OR",41,Oregon,3,Benton,44.5884,-123.2673
5/18/2010,AQS,410030013,3,2,ug/m3 LC,8,Corvallis Circle Blvd. at FD #3,1,100,88502,Acceptable PM2.5 AQI & Speciation Mass,18700,"Corvallis, OR",41,Oregon,3,Benton,44.5884,-123.2673
5/20/2010,AQS,410030013,3,1.9,ug/m3 LC,8,Corvallis Circle Blvd. at FD #3,1,100,88502,Acceptable PM2.5 AQI & Speciation Mass,18700,"Corvallis, OR",41,Oregon,3,Benton,44.5884,-123.2673
5/21/2010,AQS,410030013,3,1.3,ug/m3 LC,5,Corvallis Circle Blvd. at FD #3,1,100,88502,Acceptable PM2.5 AQI & Speciation Mass,18700,"Corvallis, OR",41,Oregon,3,Benton,44.5884,-123.2673
5/22/2010,AQS,410030013,3,1.3,ug/m3 LC,5,Corvallis Circle Blvd. at FD #3,1,100,88502,Acceptable PM2.5 AQI & Speciation Mass,18700,"Corvallis, OR",41,Oregon,3,Benton,44.5884,-123.2673
5/23/2010,AQS,410030013,3,2.2,ug/m3 LC,9,Corvallis Circle Blvd. at FD #3,1,100,88502,Acceptable PM2.5 AQI & Speciation Mass,18700,"Corvallis, OR",41,Oregon,3,Benton,44.5884,-123.2673
5/24/2010,AQS,410030013,3,2.2,ug/m3 LC,9,Corvallis Circle Blvd. at FD #3,1,100,88502,Acceptable PM2.5 AQI & Speciation Mass,18700,"Corvallis, OR",41,Oregon,3,Benton,44.5884,-123.2673
5/25/2010,AQS,410030013,3,2.1,ug/m3 LC,9,Corvallis Circle Blvd. at FD #3,1,100,88502,Acceptable PM2.5 AQI & Speciation Mass,18700,"Corvallis, OR",41,Oregon,3,Benton,44.5884,-123.2673
5/26/2010,AQS,410030013,3,1.6,ug/m3 LC,7,Corvallis Circle Blvd. at FD #3,1,100,88502,Acceptable PM2.5 AQI & Speciation Mass,18700,"Corvallis, OR",41,Oregon,3,Benton,44.5884,-123.2673
5/27/2010,AQS,410030013,3,2.1,ug/m3 LC,9,Corvallis Circle Blvd. at FD #3,1,100,88502,Acceptable PM2.5 AQI & Speciation Mass,18700,"Corvallis, OR",41,Oregon,3,Benton,44.5884,-123.2673
5/28/2010,AQS,410030013,3,2,ug/m3 LC,8,Corvallis Circle Blvd. at FD #3,1,100,88502,Acceptable PM2.5 AQI & Speciation Mass,18700,"Corvallis, OR",41,Oregon,3,Benton,44.5884,-123.2673
5/29/2010,AQS,410030013,3,1.9,ug/m3 LC,8,Corvallis Circle Blvd. at FD #3,1,100,88502,Acceptable PM2.5 AQI & Speciation Mass,18700,"Corvallis, OR",41,Oregon,3,Benton,44.5884,-123.2673
5/30/2010,AQS,410030013,3,2.4,ug/m3 LC,10,Corvallis Circle Blvd. at FD #3,1,100,88502,Acceptable PM2.5 AQI & Speciation Mass,18700,"Corvallis, OR",41,Oregon,3,Benton,44.5884,-123.2673
5/31/2010,AQS,410030013,3,1.7,ug/m3 LC,7,Corvallis Circle Blvd. at FD #3,1,100,88502,Acceptable PM2.5 AQI & Speciation Mass,18700,"Corvallis, OR",41,Oregon,3,Benton,44.5884,-123.2673
6/1/2010,AQS,410030013,3,2,ug/m3 LC,8,Corvallis Circle Blvd. at FD #3,1,100,88502,Acceptable PM2.5 AQI & Speciation Mass,18700,"Corvallis, OR",41,Oregon,3,Benton,44.5884,-123.2673
6/2/2010,AQS,410030013,3,1.2,ug/m3 LC,5,Corvallis Circle Blvd. at FD #3,1,100,88502,Acceptable PM2.5 AQI & Speciation Mass,18700,"Corvallis, OR",41,Oregon,3,Benton,44.5884,-123.2673
6/3/2010,AQS,410030013,3,2.5,ug/m3 LC,10,Corvallis Circle Blvd. at FD #3,1,100,88502,Acceptable PM2.5 AQI & Speciation Mass,18700,"Corvallis, OR",41,Oregon,3,Benton,44.5884,-123.2673
6/4/2010,AQS,410030013,3,1.4,ug/m3 LC,6,Corvallis Circle Blvd. at FD #3,1,100,88502,Acceptable PM2.5 AQI & Speciation Mass,18700,"Corvallis, OR",41,Oregon,3,Benton,44.5884,-123.2673
6/5/2010,AQS,410030013,3,2.6,ug/m3 LC,11,Corvallis Circle Blvd. at FD #3,1,100,88502,Acceptable PM2.5 AQI & Speciation Mass,18700,"Corvallis, OR",41,Oregon,3,Benton,44.5884,-123.2673
6/6/2010,AQS,410030013,3,1.5,ug/m3 LC,6,Corvallis Circle Blvd. at FD #3,1,100,88502,Acceptable PM2.5 AQI & Speciation Mass,18700,"Corvallis, OR",41,Oregon,3,Benton,44.5884,-123.2673
6/7/2010,AQS,410030013,3,1,ug/m3 LC,4,Corvallis Circle Blvd. at FD #3,1,100,88502,Acceptable PM2.5 AQI & Speciation Mass,18700,"Corvallis, OR",41,Oregon,3,Benton,44.5884,-123.2673
6/8/2010,AQS,410030013,3,1.9,ug/m3 LC,8,Corvallis Circle Blvd. at FD #3,1,100,88502,Acceptable PM2.5 AQI & Speciation Mass,18700,"Corvallis, OR",41,Oregon,3,Benton,44.5884,-123.2673
6/9/2010,AQS,410030013,3,1.3,ug/m3 LC,5,Corvallis Circle Blvd. at FD #3,1,100,88502,Acceptable PM2.5 AQI & Speciation Mass,18700,"Corvallis, OR",41,Oregon,3,Benton,44.5884,-123.2673
6/10/2010,AQS,410030013,3,2,ug/m3 LC,8,Corvallis Circle Blvd. at FD #3,1,100,88502,Acceptable PM2.5 AQI & Speciation Mass,18700,"Corvallis, OR",41,Oregon,3,Benton,44.5884,-123.2673
6/11/2010,AQS,410030013,3,1.8,ug/m3 LC,8,Corvallis Circle Blvd. at FD #3,1,100,88502,Acceptable PM2.5 AQI & Speciation Mass,18700,"Corvallis, OR",41,Oregon,3,Benton,44.5884,-123.2673
6/12/2010,AQS,410030013,3,3,ug/m3 LC,13,Corvallis Circle Blvd. at FD #3,1,100,88502,Acceptable PM2.5 AQI & Speciation Mass,18700,"Corvallis, OR",41,Oregon,3,Benton,44.5884,-123.2673
6/13/2010,AQS,410030013,3,3.7,ug/m3 LC,15,Corvallis Circle Blvd. at FD #3,1,100,88502,Acceptable PM2.5 AQI & Speciation Mass,18700,"Corvallis, OR",41,Oregon,3,Benton,44.5884,-123.2673
6/14/2010,AQS,410030013,3,3.2,ug/m3 LC,13,Corvallis Circle Blvd. at FD #3,1,100,88502,Acceptable PM2.5 AQI & Speciation Mass,18700,"Corvallis, OR",41,Oregon,3,Benton,44.5884,-123.2673
6/15/2010,AQS,410030013,3,1.7,ug/m3 LC,7,Corvallis Circle Blvd. at FD #3,1,100,88502,Acceptable PM2.5 AQI & Speciation Mass,18700,"Corvallis, OR",41,Oregon,3,Benton,44.5884,-123.2673
6/16/2010,AQS,410030013,3,2.1,ug/m3 LC,9,Corvallis Circle Blvd. at FD #3,1,100,88502,Acceptable PM2.5 AQI & Speciation Mass,18700,"Corvallis, OR",41,Oregon,3,Benton,44.5884,-123.2673
6/17/2010,AQS,410030013,3,1.7,ug/m3 LC,7,Corvallis Circle Blvd. at FD #3,1,100,88502,Acceptable PM2.5 AQI & Speciation Mass,18700,"Corvallis, OR",41,Oregon,3,Benton,44.5884,-123.2673
6/18/2010,AQS,410030013,3,1.8,ug/m3 LC,8,Corvallis Circle Blvd. at FD #3,1,100,88502,Acceptable PM2.5 AQI & Speciation Mass,18700,"Corvallis, OR",41,Oregon,3,Benton,44.5884,-123.2673
6/19/2010,AQS,410030013,3,1.8,ug/m3 LC,8,Corvallis Circle Blvd. at FD #3,1,100,88502,Acceptable PM2.5 AQI & Speciation Mass,18700,"Corvallis, OR",41,Oregon,3,Benton,44.5884,-123.2673
6/20/2010,AQS,410030013,3,1.9,ug/m3 LC,8,Corvallis Circle Blvd. at FD #3,1,100,88502,Acceptable PM2.5 AQI & Speciation Mass,18700,"Corvallis, OR",41,Oregon,3,Benton,44.5884,-123.2673
6/21/2010,AQS,410030013,3,2.1,ug/m3 LC,9,Corvallis Circle Blvd. at FD #3,1,100,88502,Acceptable PM2.5 AQI & Speciation Mass,18700,"Corvallis, OR",41,Oregon,3,Benton,44.5884,-123.2673
6/22/2010,AQS,410030013,3,2.5,ug/m3 LC,10,Corvallis Circle Blvd. at FD #3,1,100,88502,Acceptable PM2.5 AQI & Speciation Mass,18700,"Corvallis, OR",41,Oregon,3,Benton,44.5884,-123.2673
6/23/2010,AQS,410030013,3,3.2,ug/m3 LC,13,Corvallis Circle Blvd. at FD #3,1,100,88502,Acceptable PM2.5 AQI & Speciation Mass,18700,"Corvallis, OR",41,Oregon,3,Benton,44.5884,-123.2673
6/24/2010,AQS,410030013,3,2.4,ug/m3 LC,10,Corvallis Circle Blvd. at FD #3,1,100,88502,Acceptable PM2.5 AQI & Speciation Mass,18700,"Corvallis, OR",41,Oregon,3,Benton,44.5884,-123.2673
6/25/2010,AQS,410030013,3,1.7,ug/m3 LC,7,Corvallis Circle Blvd. at FD #3,1,100,88502,Acceptable PM2.5 AQI & Speciation Mass,18700,"Corvallis, OR",41,Oregon,3,Benton,44.5884,-123.2673
6/26/2010,AQS,410030013,3,3,ug/m3 LC,13,Corvallis Circle Blvd. at FD #3,1,100,88502,Acceptable PM2.5 AQI & Speciation Mass,18700,"Corvallis, OR",41,Oregon,3,Benton,44.5884,-123.2673
6/27/2010,AQS,410030013,3,2.7,ug/m3 LC,11,Corvallis Circle Blvd. at FD #3,1,100,88502,Acceptable PM2.5 AQI & Speciation Mass,18700,"Corvallis, OR",41,Oregon,3,Benton,44.5884,-123.2673
6/28/2010,AQS,410030013,3,1.4,ug/m3 LC,6,Corvallis Circle Blvd. at FD #3,1,100,88502,Acceptable PM2.5 AQI & Speciation Mass,18700,"Corvallis, OR",41,Oregon,3,Benton,44.5884,-123.2673
6/29/2010,AQS,410030013,3,1.9,ug/m3 LC,8,Corvallis Circle Blvd. at FD #3,1,100,88502,Acceptable PM2.5 AQI & Speciation Mass,18700,"Corvallis, OR",41,Oregon,3,Benton,44.5884,-123.2673
6/30/2010,AQS,410030013,3,1.7,ug/m3 LC,7,Corvallis Circle Blvd. at FD #3,1,100,88502,Acceptable PM2.5 AQI & Speciation Mass,18700,"Corvallis, OR",41,Oregon,3,Benton,44.5884,-123.2673
7/1/2010,AQS,410030013,3,1.8,ug/m3 LC,8,Corvallis Circle Blvd. at FD #3,1,100,88502,Acceptable PM2.5 AQI & Speciation Mass,18700,"Corvallis, OR",41,Oregon,3,Benton,44.5884,-123.2673
7/2/2010,AQS,410030013,3,1.8,ug/m3 LC,8,Corvallis Circle Blvd. at FD #3,1,100,88502,Acceptable PM2.5 AQI & Speciation Mass,18700,"Corvallis, OR",41,Oregon,3,Benton,44.5884,-123.2673
7/3/2010,AQS,410030013,3,2.5,ug/m3 LC,10,Corvallis Circle Blvd. at FD #3,1,100,88502,Acceptable PM2.5 AQI & Speciation Mass,18700,"Corvallis, OR",41,Oregon,3,Benton,44.5884,-123.2673
7/4/2010,AQS,410030013,3,8.8,ug/m3 LC,37,Corvallis Circle Blvd. at FD #3,1,100,88502,Acceptable PM2.5 AQI & Speciation Mass,18700,"Corvallis, OR",41,Oregon,3,Benton,44.5884,-123.2673
7/5/2010,AQS,410030013,3,4,ug/m3 LC,17,Corvallis Circle Blvd. at FD #3,1,100,88502,Acceptable PM2.5 AQI & Speciation Mass,18700,"Corvallis, OR",41,Oregon,3,Benton,44.5884,-123.2673
7/6/2010,AQS,410030013,3,3.2,ug/m3 LC,13,Corvallis Circle Blvd. at FD #3,1,100,88502,Acceptable PM2.5 AQI & Speciation Mass,18700,"Corvallis, OR",41,Oregon,3,Benton,44.5884,-123.2673
7/7/2010,AQS,410030013,3,2.9,ug/m3 LC,12,Corvallis Circle Blvd. at FD #3,1,100,88502,Acceptable PM2.5 AQI & Speciation Mass,18700,"Corvallis, OR",41,Oregon,3,Benton,44.5884,-123.2673
7/8/2010,AQS,410030013,3,4.6,ug/m3 LC,19,Corvallis Circle Blvd. at FD #3,1,100,88502,Acceptable PM2.5 AQI & Speciation Mass,18700,"Corvallis, OR",41,Oregon,3,Benton,44.5884,-123.2673
7/9/2010,AQS,410030013,3,5.1,ug/m3 LC,21,Corvallis Circle Blvd. at FD #3,1,100,88502,Acceptable PM2.5 AQI & Speciation Mass,18700,"Corvallis, OR",41,Oregon,3,Benton,44.5884,-123.2673
7/10/2010,AQS,410030013,3,2.7,ug/m3 LC,11,Corvallis Circle Blvd. at FD #3,1,100,88502,Acceptable PM2.5 AQI & Speciation Mass,18700,"Corvallis, OR",41,Oregon,3,Benton,44.5884,-123.2673
7/11/2010,AQS,410030013,3,2,ug/m3 LC,8,Corvallis Circle Blvd. at FD #3,1,100,88502,Acceptable PM2.5 AQI & Speciation Mass,18700,"Corvallis, OR",41,Oregon,3,Benton,44.5884,-123.2673
7/12/2010,AQS,410030013,3,2.1,ug/m3 LC,9,Corvallis Circle Blvd. at FD #3,1,100,88502,Acceptable PM2.5 AQI & Speciation Mass,18700,"Corvallis, OR",41,Oregon,3,Benton,44.5884,-123.2673
7/13/2010,AQS,410030013,3,2.1,ug/m3 LC,9,Corvallis Circle Blvd. at FD #3,1,100,88502,Acceptable PM2.5 AQI & Speciation Mass,18700,"Corvallis, OR",41,Oregon,3,Benton,44.5884,-123.2673
7/14/2010,AQS,410030013,3,3.4,ug/m3 LC,14,Corvallis Circle Blvd. at FD #3,1,100,88502,Acceptable PM2.5 AQI & Speciation Mass,18700,"Corvallis, OR",41,Oregon,3,Benton,44.5884,-123.2673
7/15/2010,AQS,410030013,3,4.1,ug/m3 LC,17,Corvallis Circle Blvd. at FD #3,1,100,88502,Acceptable PM2.5 AQI & Speciation Mass,18700,"Corvallis, OR",41,Oregon,3,Benton,44.5884,-123.2673
7/16/2010,AQS,410030013,3,3.3,ug/m3 LC,14,Corvallis Circle Blvd. at FD #3,1,100,88502,Acceptable PM2.5 AQI & Speciation Mass,18700,"Corvallis, OR",41,Oregon,3,Benton,44.5884,-123.2673
7/17/2010,AQS,410030013,3,2.9,ug/m3 LC,12,Corvallis Circle Blvd. at FD #3,1,100,88502,Acceptable PM2.5 AQI & Speciation Mass,18700,"Corvallis, OR",41,Oregon,3,Benton,44.5884,-123.2673
7/18/2010,AQS,410030013,3,3.4,ug/m3 LC,14,Corvallis Circle Blvd. at FD #3,1,100,88502,Acceptable PM2.5 AQI & Speciation Mass,18700,"Corvallis, OR",41,Oregon,3,Benton,44.5884,-123.2673
7/19/2010,AQS,410030013,3,4.1,ug/m3 LC,17,Corvallis Circle Blvd. at FD #3,1,100,88502,Acceptable PM2.5 AQI & Speciation Mass,18700,"Corvallis, OR",41,Oregon,3,Benton,44.5884,-123.2673
7/20/2010,AQS,410030013,3,4.3,ug/m3 LC,18,Corvallis Circle Blvd. at FD #3,1,100,88502,Acceptable PM2.5 AQI & Speciation Mass,18700,"Corvallis, OR",41,Oregon,3,Benton,44.5884,-123.2673
7/21/2010,AQS,410030013,3,5.3,ug/m3 LC,22,Corvallis Circle Blvd. at FD #3,1,100,88502,Acceptable PM2.5 AQI & Speciation Mass,18700,"Corvallis, OR",41,Oregon,3,Benton,44.5884,-123.2673
7/22/2010,AQS,410030013,3,3.7,ug/m3 LC,15,Corvallis Circle Blvd. at FD #3,1,100,88502,Acceptable PM2.5 AQI & Speciation Mass,18700,"Corvallis, OR",41,Oregon,3,Benton,44.5884,-123.2673
7/23/2010,AQS,410030013,3,3.3,ug/m3 LC,14,Corvallis Circle Blvd. at FD #3,1,100,88502,Acceptable PM2.5 AQI & Speciation Mass,18700,"Corvallis, OR",41,Oregon,3,Benton,44.5884,-123.2673
7/24/2010,AQS,410030013,3,3.8,ug/m3 LC,16,Corvallis Circle Blvd. at FD #3,1,100,88502,Acceptable PM2.5 AQI & Speciation Mass,18700,"Corvallis, OR",41,Oregon,3,Benton,44.5884,-123.2673
7/25/2010,AQS,410030013,3,4.7,ug/m3 LC,20,Corvallis Circle Blvd. at FD #3,1,100,88502,Acceptable PM2.5 AQI & Speciation Mass,18700,"Corvallis, OR",41,Oregon,3,Benton,44.5884,-123.2673
7/26/2010,AQS,410030013,3,4.6,ug/m3 LC,19,Corvallis Circle Blvd. at FD #3,1,100,88502,Acceptable PM2.5 AQI & Speciation Mass,18700,"Corvallis, OR",41,Oregon,3,Benton,44.5884,-123.2673
7/27/2010,AQS,410030013,3,3.9,ug/m3 LC,16,Corvallis Circle Blvd. at FD #3,1,100,88502,Acceptable PM2.5 AQI & Speciation Mass,18700,"Corvallis, OR",41,Oregon,3,Benton,44.5884,-123.2673
7/28/2010,AQS,410030013,3,3.6,ug/m3 LC,15,Corvallis Circle Blvd. at FD #3,1,100,88502,Acceptable PM2.5 AQI & Speciation Mass,18700,"Corvallis, OR",41,Oregon,3,Benton,44.5884,-123.2673
7/29/2010,AQS,410030013,3,3,ug/m3 LC,13,Corvallis Circle Blvd. at FD #3,1,100,88502,Acceptable PM2.5 AQI & Speciation Mass,18700,"Corvallis, OR",41,Oregon,3,Benton,44.5884,-123.2673
7/30/2010,AQS,410030013,3,2.9,ug/m3 LC,12,Corvallis Circle Blvd. at FD #3,1,100,88502,Acceptable PM2.5 AQI & Speciation Mass,18700,"Corvallis, OR",41,Oregon,3,Benton,44.5884,-123.2673
7/31/2010,AQS,410030013,3,3,ug/m3 LC,13,Corvallis Circle Blvd. at FD #3,1,100,88502,Acceptable PM2.5 AQI & Speciation Mass,18700,"Corvallis, OR",41,Oregon,3,Benton,44.5884,-123.2673
8/1/2010,AQS,410030013,3,3.4,ug/m3 LC,14,Corvallis Circle Blvd. at FD #3,1,100,88502,Acceptable PM2.5 AQI & Speciation Mass,18700,"Corvallis, OR",41,Oregon,3,Benton,44.5884,-123.2673
8/2/2010,AQS,410030013,3,2.6,ug/m3 LC,11,Corvallis Circle Blvd. at FD #3,1,100,88502,Acceptable PM2.5 AQI & Speciation Mass,18700,"Corvallis, OR",41,Oregon,3,Benton,44.5884,-123.2673
8/3/2010,AQS,410030013,3,2.3,ug/m3 LC,10,Corvallis Circle Blvd. at FD #3,1,100,88502,Acceptable PM2.5 AQI & Speciation Mass,18700,"Corvallis, OR",41,Oregon,3,Benton,44.5884,-123.2673
8/4/2010,AQS,410030013,3,4.2,ug/m3 LC,18,Corvallis Circle Blvd. at FD #3,1,100,88502,Acceptable PM2.5 AQI & Speciation Mass,18700,"Corvallis, OR",41,Oregon,3,Benton,44.5884,-123.2673
8/5/2010,AQS,410030013,3,5.7,ug/m3 LC,24,Corvallis Circle Blvd. at FD #3,1,100,88502,Acceptable PM2.5 AQI & Speciation Mass,18700,"Corvallis, OR",41,Oregon,3,Benton,44.5884,-123.2673
8/6/2010,AQS,410030013,3,6.2,ug/m3 LC,26,Corvallis Circle Blvd. at FD #3,1,100,88502,Acceptable PM2.5 AQI & Speciation Mass,18700,"Corvallis, OR",41,Oregon,3,Benton,44.5884,-123.2673
8/7/2010,AQS,410030013,3,1.3,ug/m3 LC,5,Corvallis Circle Blvd. at FD #3,1,100,88502,Acceptable PM2.5 AQI & Speciation Mass,18700,"Corvallis, OR",41,Oregon,3,Benton,44.5884,-123.2673
8/8/2010,AQS,410030013,3,1.2,ug/m3 LC,5,Corvallis Circle Blvd. at FD #3,1,100,88502,Acceptable PM2.5 AQI & Speciation Mass,18700,"Corvallis, OR",41,Oregon,3,Benton,44.5884,-123.2673
8/9/2010,AQS,410030013,3,2.3,ug/m3 LC,10,Corvallis Circle Blvd. at FD #3,1,100,88502,Acceptable PM2.5 AQI & Speciation Mass,18700,"Corvallis, OR",41,Oregon,3,Benton,44.5884,-123.2673
8/10/2010,AQS,410030013,3,3.6,ug/m3 LC,15,Corvallis Circle Blvd. at FD #3,1,100,88502,Acceptable PM2.5 AQI & Speciation Mass,18700,"Corvallis, OR",41,Oregon,3,Benton,44.5884,-123.2673
8/11/2010,AQS,410030013,3,2.9,ug/m3 LC,12,Corvallis Circle Blvd. at FD #3,1,100,88502,Acceptable PM2.5 AQI & Speciation Mass,18700,"Corvallis, OR",41,Oregon,3,Benton,44.5884,-123.2673
8/12/2010,AQS,410030013,3,3.4,ug/m3 LC,14,Corvallis Circle Blvd. at FD #3,1,100,88502,Acceptable PM2.5 AQI & Speciation Mass,18700,"Corvallis, OR",41,Oregon,3,Benton,44.5884,-123.2673
8/13/2010,AQS,410030013,3,4,ug/m3 LC,17,Corvallis Circle Blvd. at FD #3,1,100,88502,Acceptable PM2.5 AQI & Speciation Mass,18700,"Corvallis, OR",41,Oregon,3,Benton,44.5884,-123.2673
8/14/2010,AQS,410030013,3,3.7,ug/m3 LC,15,Corvallis Circle Blvd. at FD #3,1,100,88502,Acceptable PM2.5 AQI & Speciation Mass,18700,"Corvallis, OR",41,Oregon,3,Benton,44.5884,-123.2673
8/15/2010,AQS,410030013,3,2.3,ug/m3 LC,10,Corvallis Circle Blvd. at FD #3,1,100,88502,Acceptable PM2.5 AQI & Speciation Mass,18700,"Corvallis, OR",41,Oregon,3,Benton,44.5884,-123.2673
8/16/2010,AQS,410030013,3,4,ug/m3 LC,17,Corvallis Circle Blvd. at FD #3,1,100,88502,Acceptable PM2.5 AQI & Speciation Mass,18700,"Corvallis, OR",41,Oregon,3,Benton,44.5884,-123.2673
8/17/2010,AQS,410030013,3,6.9,ug/m3 LC,29,Corvallis Circle Blvd. at FD #3,1,100,88502,Acceptable PM2.5 AQI & Speciation Mass,18700,"Corvallis, OR",41,Oregon,3,Benton,44.5884,-123.2673
8/18/2010,AQS,410030013,3,6.3,ug/m3 LC,26,Corvallis Circle Blvd. at FD #3,1,100,88502,Acceptable PM2.5 AQI & Speciation Mass,18700,"Corvallis, OR",41,Oregon,3,Benton,44.5884,-123.2673
8/19/2010,AQS,410030013,3,2.5,ug/m3 LC,10,Corvallis Circle Blvd. at FD #3,1,100,88502,Acceptable PM2.5 AQI & Speciation Mass,18700,"Corvallis, OR",41,Oregon,3,Benton,44.5884,-123.2673
8/20/2010,AQS,410030013,3,2.7,ug/m3 LC,11,Corvallis Circle Blvd. at FD #3,1,100,88502,Acceptable PM2.5 AQI & Speciation Mass,18700,"Corvallis, OR",41,Oregon,3,Benton,44.5884,-123.2673
8/21/2010,AQS,410030013,3,3.2,ug/m3 LC,13,Corvallis Circle Blvd. at FD #3,1,100,88502,Acceptable PM2.5 AQI & Speciation Mass,18700,"Corvallis, OR",41,Oregon,3,Benton,44.5884,-123.2673
8/22/2010,AQS,410030013,3,2.7,ug/m3 LC,11,Corvallis Circle Blvd. at FD #3,1,100,88502,Acceptable PM2.5 AQI & Speciation Mass,18700,"Corvallis, OR",41,Oregon,3,Benton,44.5884,-123.2673
8/23/2010,AQS,410030013,3,2.4,ug/m3 LC,10,Corvallis Circle Blvd. at FD #3,1,100,88502,Acceptable PM2.5 AQI & Speciation Mass,18700,"Corvallis, OR",41,Oregon,3,Benton,44.5884,-123.2673
8/24/2010,AQS,410030013,3,4,ug/m3 LC,17,Corvallis Circle Blvd. at FD #3,1,100,88502,Acceptable PM2.5 AQI & Speciation Mass,18700,"Corvallis, OR",41,Oregon,3,Benton,44.5884,-123.2673
8/25/2010,AQS,410030013,3,6.8,ug/m3 LC,28,Corvallis Circle Blvd. at FD #3,1,100,88502,Acceptable PM2.5 AQI & Speciation Mass,18700,"Corvallis, OR",41,Oregon,3,Benton,44.5884,-123.2673
8/26/2010,AQS,410030013,3,2,ug/m3 LC,8,Corvallis Circle Blvd. at FD #3,1,100,88502,Acceptable PM2.5 AQI & Speciation Mass,18700,"Corvallis, OR",41,Oregon,3,Benton,44.5884,-123.2673
8/27/2010,AQS,410030013,3,2.5,ug/m3 LC,10,Corvallis Circle Blvd. at FD #3,1,100,88502,Acceptable PM2.5 AQI & Speciation Mass,18700,"Corvallis, OR",41,Oregon,3,Benton,44.5884,-123.2673
8/28/2010,AQS,410030013,3,2,ug/m3 LC,8,Corvallis Circle Blvd. at FD #3,1,100,88502,Acceptable PM2.5 AQI & Speciation Mass,18700,"Corvallis, OR",41,Oregon,3,Benton,44.5884,-123.2673
8/29/2010,AQS,410030013,3,2.5,ug/m3 LC,10,Corvallis Circle Blvd. at FD #3,1,100,88502,Acceptable PM2.5 AQI & Speciation Mass,18700,"Corvallis, OR",41,Oregon,3,Benton,44.5884,-123.2673
8/30/2010,AQS,410030013,3,2.5,ug/m3 LC,10,Corvallis Circle Blvd. at FD #3,1,100,88502,Acceptable PM2.5 AQI & Speciation Mass,18700,"Corvallis, OR",41,Oregon,3,Benton,44.5884,-123.2673
8/31/2010,AQS,410030013,3,2.2,ug/m3 LC,9,Corvallis Circle Blvd. at FD #3,1,100,88502,Acceptable PM2.5 AQI & Speciation Mass,18700,"Corvallis, OR",41,Oregon,3,Benton,44.5884,-123.2673
9/1/2010,AQS,410030013,3,1.8,ug/m3 LC,8,Corvallis Circle Blvd. at FD #3,1,100,88502,Acceptable PM2.5 AQI & Speciation Mass,18700,"Corvallis, OR",41,Oregon,3,Benton,44.5884,-123.2673
9/2/2010,AQS,410030013,3,3.3,ug/m3 LC,14,Corvallis Circle Blvd. at FD #3,1,100,88502,Acceptable PM2.5 AQI & Speciation Mass,18700,"Corvallis, OR",41,Oregon,3,Benton,44.5884,-123.2673
9/3/2010,AQS,410030013,3,4,ug/m3 LC,17,Corvallis Circle Blvd. at FD #3,1,100,88502,Acceptable PM2.5 AQI & Speciation Mass,18700,"Corvallis, OR",41,Oregon,3,Benton,44.5884,-123.2673
9/4/2010,AQS,410030013,3,2.5,ug/m3 LC,10,Corvallis Circle Blvd. at FD #3,1,100,88502,Acceptable PM2.5 AQI & Speciation Mass,18700,"Corvallis, OR",41,Oregon,3,Benton,44.5884,-123.2673
9/5/2010,AQS,410030013,3,3,ug/m3 LC,13,Corvallis Circle Blvd. at FD #3,1,100,88502,Acceptable PM2.5 AQI & Speciation Mass,18700,"Corvallis, OR",41,Oregon,3,Benton,44.5884,-123.2673
9/6/2010,AQS,410030013,3,2.4,ug/m3 LC,10,Corvallis Circle Blvd. at FD #3,1,100,88502,Acceptable PM2.5 AQI & Speciation Mass,18700,"Corvallis, OR",41,Oregon,3,Benton,44.5884,-123.2673
9/7/2010,AQS,410030013,3,2.1,ug/m3 LC,9,Corvallis Circle Blvd. at FD #3,1,100,88502,Acceptable PM2.5 AQI & Speciation Mass,18700,"Corvallis, OR",41,Oregon,3,Benton,44.5884,-123.2673
9/8/2010,AQS,410030013,3,2.5,ug/m3 LC,10,Corvallis Circle Blvd. at FD #3,1,100,88502,Acceptable PM2.5 AQI & Speciation Mass,18700,"Corvallis, OR",41,Oregon,3,Benton,44.5884,-123.2673
9/9/2010,AQS,410030013,3,3.3,ug/m3 LC,14,Corvallis Circle Blvd. at FD #3,1,100,88502,Acceptable PM2.5 AQI & Speciation Mass,18700,"Corvallis, OR",41,Oregon,3,Benton,44.5884,-123.2673
9/10/2010,AQS,410030013,3,4.2,ug/m3 LC,18,Corvallis Circle Blvd. at FD #3,1,100,88502,Acceptable PM2.5 AQI & Speciation Mass,18700,"Corvallis, OR",41,Oregon,3,Benton,44.5884,-123.2673
9/11/2010,AQS,410030013,3,3,ug/m3 LC,13,Corvallis Circle Blvd. at FD #3,1,100,88502,Acceptable PM2.5 AQI & Speciation Mass,18700,"Corvallis, OR",41,Oregon,3,Benton,44.5884,-123.2673
9/12/2010,AQS,410030013,3,2.2,ug/m3 LC,9,Corvallis Circle Blvd. at FD #3,1,100,88502,Acceptable PM2.5 AQI & Speciation Mass,18700,"Corvallis, OR",41,Oregon,3,Benton,44.5884,-123.2673
9/13/2010,AQS,410030013,3,2.3,ug/m3 LC,10,Corvallis Circle Blvd. at FD #3,1,100,88502,Acceptable PM2.5 AQI & Speciation Mass,18700,"Corvallis, OR",41,Oregon,3,Benton,44.5884,-123.2673
9/14/2010,AQS,410030013,3,4,ug/m3 LC,17,Corvallis Circle Blvd. at FD #3,1,100,88502,Acceptable PM2.5 AQI & Speciation Mass,18700,"Corvallis, OR",41,Oregon,3,Benton,44.5884,-123.2673
9/15/2010,AQS,410030013,3,3,ug/m3 LC,13,Corvallis Circle Blvd. at FD #3,1,100,88502,Acceptable PM2.5 AQI & Speciation Mass,18700,"Corvallis, OR",41,Oregon,3,Benton,44.5884,-123.2673
9/16/2010,AQS,410030013,3,2.4,ug/m3 LC,10,Corvallis Circle Blvd. at FD #3,1,100,88502,Acceptable PM2.5 AQI & Speciation Mass,18700,"Corvallis, OR",41,Oregon,3,Benton,44.5884,-123.2673
9/17/2010,AQS,410030013,3,2.5,ug/m3 LC,10,Corvallis Circle Blvd. at FD #3,1,100,88502,Acceptable PM2.5 AQI & Speciation Mass,18700,"Corvallis, OR",41,Oregon,3,Benton,44.5884,-123.2673
9/18/2010,AQS,410030013,3,3.8,ug/m3 LC,16,Corvallis Circle Blvd. at FD #3,1,100,88502,Acceptable PM2.5 AQI & Speciation Mass,18700,"Corvallis, OR",41,Oregon,3,Benton,44.5884,-123.2673
9/19/2010,AQS,410030013,3,1.8,ug/m3 LC,8,Corvallis Circle Blvd. at FD #3,1,100,88502,Acceptable PM2.5 AQI & Speciation Mass,18700,"Corvallis, OR",41,Oregon,3,Benton,44.5884,-123.2673
9/20/2010,AQS,410030013,3,3.8,ug/m3 LC,16,Corvallis Circle Blvd. at FD #3,1,100,88502,Acceptable PM2.5 AQI & Speciation Mass,18700,"Corvallis, OR",41,Oregon,3,Benton,44.5884,-123.2673
9/21/2010,AQS,410030013,3,3.5,ug/m3 LC,15,Corvallis Circle Blvd. at FD #3,1,100,88502,Acceptable PM2.5 AQI & Speciation Mass,18700,"Corvallis, OR",41,Oregon,3,Benton,44.5884,-123.2673
9/22/2010,AQS,410030013,3,4.9,ug/m3 LC,20,Corvallis Circle Blvd. at FD #3,1,100,88502,Acceptable PM2.5 AQI & Speciation Mass,18700,"Corvallis, OR",41,Oregon,3,Benton,44.5884,-123.2673
9/23/2010,AQS,410030013,3,4.3,ug/m3 LC,18,Corvallis Circle Blvd. at FD #3,1,100,88502,Acceptable PM2.5 AQI & Speciation Mass,18700,"Corvallis, OR",41,Oregon,3,Benton,44.5884,-123.2673
9/24/2010,AQS,410030013,3,5.3,ug/m3 LC,22,Corvallis Circle Blvd. at FD #3,1,100,88502,Acceptable PM2.5 AQI & Speciation Mass,18700,"Corvallis, OR",41,Oregon,3,Benton,44.5884,-123.2673
9/25/2010,AQS,410030013,3,4.6,ug/m3 LC,19,Corvallis Circle Blvd. at FD #3,1,100,88502,Acceptable PM2.5 AQI & Speciation Mass,18700,"Corvallis, OR",41,Oregon,3,Benton,44.5884,-123.2673
9/26/2010,AQS,410030013,3,2.2,ug/m3 LC,9,Corvallis Circle Blvd. at FD #3,1,100,88502,Acceptable PM2.5 AQI & Speciation Mass,18700,"Corvallis, OR",41,Oregon,3,Benton,44.5884,-123.2673
9/27/2010,AQS,410030013,3,2.5,ug/m3 LC,10,Corvallis Circle Blvd. at FD #3,1,100,88502,Acceptable PM2.5 AQI & Speciation Mass,18700,"Corvallis, OR",41,Oregon,3,Benton,44.5884,-123.2673
9/28/2010,AQS,410030013,3,3.4,ug/m3 LC,14,Corvallis Circle Blvd. at FD #3,1,100,88502,Acceptable PM2.5 AQI & Speciation Mass,18700,"Corvallis, OR",41,Oregon,3,Benton,44.5884,-123.2673
9/29/2010,AQS,410030013,3,4.6,ug/m3 LC,19,Corvallis Circle Blvd. at FD #3,1,100,88502,Acceptable PM2.5 AQI & Speciation Mass,18700,"Corvallis, OR",41,Oregon,3,Benton,44.5884,-123.2673
9/30/2010,AQS,410030013,3,5.1,ug/m3 LC,21,Corvallis Circle Blvd. at FD #3,1,100,88502,Acceptable PM2.5 AQI & Speciation Mass,18700,"Corvallis, OR",41,Oregon,3,Benton,44.5884,-123.2673
10/1/2010,AQS,410030013,3,4.4,ug/m3 LC,18,Corvallis Circle Blvd. at FD #3,1,100,88502,Acceptable PM2.5 AQI & Speciation Mass,18700,"Corvallis, OR",41,Oregon,3,Benton,44.5884,-123.2673
10/2/2010,AQS,410030013,3,5.7,ug/m3 LC,24,Corvallis Circle Blvd. at FD #3,1,100,88502,Acceptable PM2.5 AQI & Speciation Mass,18700,"Corvallis, OR",41,Oregon,3,Benton,44.5884,-123.2673
10/3/2010,AQS,410030013,3,5.8,ug/m3 LC,24,Corvallis Circle Blvd. at FD #3,1,100,88502,Acceptable PM2.5 AQI & Speciation Mass,18700,"Corvallis, OR",41,Oregon,3,Benton,44.5884,-123.2673
10/4/2010,AQS,410030013,3,3.6,ug/m3 LC,15,Corvallis Circle Blvd. at FD #3,1,100,88502,Acceptable PM2.5 AQI & Speciation Mass,18700,"Corvallis, OR",41,Oregon,3,Benton,44.5884,-123.2673
10/5/2010,AQS,410030013,3,3.7,ug/m3 LC,15,Corvallis Circle Blvd. at FD #3,1,100,88502,Acceptable PM2.5 AQI & Speciation Mass,18700,"Corvallis, OR",41,Oregon,3,Benton,44.5884,-123.2673
10/6/2010,AQS,410030013,3,4.7,ug/m3 LC,20,Corvallis Circle Blvd. at FD #3,1,100,88502,Acceptable PM2.5 AQI & Speciation Mass,18700,"Corvallis, OR",41,Oregon,3,Benton,44.5884,-123.2673
10/7/2010,AQS,410030013,3,4.4,ug/m3 LC,18,Corvallis Circle Blvd. at FD #3,1,100,88502,Acceptable PM2.5 AQI & Speciation Mass,18700,"Corvallis, OR",41,Oregon,3,Benton,44.5884,-123.2673
10/8/2010,AQS,410030013,3,3.6,ug/m3 LC,15,Corvallis Circle Blvd. at FD #3,1,100,88502,Acceptable PM2.5 AQI & Speciation Mass,18700,"Corvallis, OR",41,Oregon,3,Benton,44.5884,-123.2673
10/9/2010,AQS,410030013,3,3.6,ug/m3 LC,15,Corvallis Circle Blvd. at FD #3,1,100,88502,Acceptable PM2.5 AQI & Speciation Mass,18700,"Corvallis, OR",41,Oregon,3,Benton,44.5884,-123.2673
10/10/2010,AQS,410030013,3,2.6,ug/m3 LC,11,Corvallis Circle Blvd. at FD #3,1,100,88502,Acceptable PM2.5 AQI & Speciation Mass,18700,"Corvallis, OR",41,Oregon,3,Benton,44.5884,-123.2673
10/11/2010,AQS,410030013,3,3.4,ug/m3 LC,14,Corvallis Circle Blvd. at FD #3,1,100,88502,Acceptable PM2.5 AQI & Speciation Mass,18700,"Corvallis, OR",41,Oregon,3,Benton,44.5884,-123.2673
10/12/2010,AQS,410030013,3,7.4,ug/m3 LC,31,Corvallis Circle Blvd. at FD #3,1,100,88502,Acceptable PM2.5 AQI & Speciation Mass,18700,"Corvallis, OR",41,Oregon,3,Benton,44.5884,-123.2673
10/13/2010,AQS,410030013,3,9.6,ug/m3 LC,40,Corvallis Circle Blvd. at FD #3,1,100,88502,Acceptable PM2.5 AQI & Speciation Mass,18700,"Corvallis, OR",41,Oregon,3,Benton,44.5884,-123.2673
10/14/2010,AQS,410030013,3,8.3,ug/m3 LC,35,Corvallis Circle Blvd. at FD #3,1,100,88502,Acceptable PM2.5 AQI & Speciation Mass,18700,"Corvallis, OR",41,Oregon,3,Benton,44.5884,-123.2673
10/15/2010,AQS,410030013,3,2.5,ug/m3 LC,10,Corvallis Circle Blvd. at FD #3,1,100,88502,Acceptable PM2.5 AQI & Speciation Mass,18700,"Corvallis, OR",41,Oregon,3,Benton,44.5884,-123.2673
10/16/2010,AQS,410030013,3,6.5,ug/m3 LC,27,Corvallis Circle Blvd. at FD #3,1,100,88502,Acceptable PM2.5 AQI & Speciation Mass,18700,"Corvallis, OR",41,Oregon,3,Benton,44.5884,-123.2673
10/17/2010,AQS,410030013,3,8.5,ug/m3 LC,35,Corvallis Circle Blvd. at FD #3,1,100,88502,Acceptable PM2.5 AQI & Speciation Mass,18700,"Corvallis, OR",41,Oregon,3,Benton,44.5884,-123.2673
10/18/2010,AQS,410030013,3,12.7,ug/m3 LC,52,Corvallis Circle Blvd. at FD #3,1,100,88502,Acceptable PM2.5 AQI & Speciation Mass,18700,"Corvallis, OR",41,Oregon,3,Benton,44.5884,-123.2673
10/19/2010,AQS,410030013,3,10.6,ug/m3 LC,44,Corvallis Circle Blvd. at FD #3,1,100,88502,Acceptable PM2.5 AQI & Speciation Mass,18700,"Corvallis, OR",41,Oregon,3,Benton,44.5884,-123.2673
10/20/2010,AQS,410030013,3,12.6,ug/m3 LC,52,Corvallis Circle Blvd. at FD #3,1,100,88502,Acceptable PM2.5 AQI & Speciation Mass,18700,"Corvallis, OR",41,Oregon,3,Benton,44.5884,-123.2673
10/21/2010,AQS,410030013,3,8.7,ug/m3 LC,36,Corvallis Circle Blvd. at FD #3,1,100,88502,Acceptable PM2.5 AQI & Speciation Mass,18700,"Corvallis, OR",41,Oregon,3,Benton,44.5884,-123.2673
10/22/2010,AQS,410030013,3,4.8,ug/m3 LC,20,Corvallis Circle Blvd. at FD #3,1,100,88502,Acceptable PM2.5 AQI & Speciation Mass,18700,"Corvallis, OR",41,Oregon,3,Benton,44.5884,-123.2673
10/23/2010,AQS,410030013,3,4,ug/m3 LC,17,Corvallis Circle Blvd. at FD #3,1,100,88502,Acceptable PM2.5 AQI & Speciation Mass,18700,"Corvallis, OR",41,Oregon,3,Benton,44.5884,-123.2673
10/24/2010,AQS,410030013,3,3,ug/m3 LC,13,Corvallis Circle Blvd. at FD #3,1,100,88502,Acceptable PM2.5 AQI & Speciation Mass,18700,"Corvallis, OR",41,Oregon,3,Benton,44.5884,-123.2673
10/25/2010,AQS,410030013,3,3.8,ug/m3 LC,16,Corvallis Circle Blvd. at FD #3,1,100,88502,Acceptable PM2.5 AQI & Speciation Mass,18700,"Corvallis, OR",41,Oregon,3,Benton,44.5884,-123.2673
10/26/2010,AQS,410030013,3,5.2,ug/m3 LC,22,Corvallis Circle Blvd. at FD #3,1,100,88502,Acceptable PM2.5 AQI & Speciation Mass,18700,"Corvallis, OR",41,Oregon,3,Benton,44.5884,-123.2673
10/27/2010,AQS,410030013,3,13.9,ug/m3 LC,55,Corvallis Circle Blvd. at FD #3,1,100,88502,Acceptable PM2.5 AQI & Speciation Mass,18700,"Corvallis, OR",41,Oregon,3,Benton,44.5884,-123.2673
10/28/2010,AQS,410030013,3,15.5,ug/m3 LC,58,Corvallis Circle Blvd. at FD #3,1,100,88502,Acceptable PM2.5 AQI & Speciation Mass,18700,"Corvallis, OR",41,Oregon,3,Benton,44.5884,-123.2673
10/29/2010,AQS,410030013,3,11.9,ug/m3 LC,50,Corvallis Circle Blvd. at FD #3,1,100,88502,Acceptable PM2.5 AQI & Speciation Mass,18700,"Corvallis, OR",41,Oregon,3,Benton,44.5884,-123.2673
10/30/2010,AQS,410030013,3,17,ug/m3 LC,61,Corvallis Circle Blvd. at FD #3,1,100,88502,Acceptable PM2.5 AQI & Speciation Mass,18700,"Corvallis, OR",41,Oregon,3,Benton,44.5884,-123.2673
10/31/2010,AQS,410030013,3,5.5,ug/m3 LC,23,Corvallis Circle Blvd. at FD #3,1,100,88502,Acceptable PM2.5 AQI & Speciation Mass,18700,"Corvallis, OR",41,Oregon,3,Benton,44.5884,-123.2673
11/1/2010,AQS,410030013,3,3,ug/m3 LC,13,Corvallis Circle Blvd. at FD #3,1,100,88502,Acceptable PM2.5 AQI & Speciation Mass,18700,"Corvallis, OR",41,Oregon,3,Benton,44.5884,-123.2673
11/2/2010,AQS,410030013,3,5.4,ug/m3 LC,23,Corvallis Circle Blvd. at FD #3,1,100,88502,Acceptable PM2.5 AQI & Speciation Mass,18700,"Corvallis, OR",41,Oregon,3,Benton,44.5884,-123.2673
11/3/2010,AQS,410030013,3,4.7,ug/m3 LC,20,Corvallis Circle Blvd. at FD #3,1,100,88502,Acceptable PM2.5 AQI & Speciation Mass,18700,"Corvallis, OR",41,Oregon,3,Benton,44.5884,-123.2673
11/4/2010,AQS,410030013,3,11.7,ug/m3 LC,49,Corvallis Circle Blvd. at FD #3,1,100,88502,Acceptable PM2.5 AQI & Speciation Mass,18700,"Corvallis, OR",41,Oregon,3,Benton,44.5884,-123.2673
11/5/2010,AQS,410030013,3,16.5,ug/m3 LC,60,Corvallis Circle Blvd. at FD #3,1,100,88502,Acceptable PM2.5 AQI & Speciation Mass,18700,"Corvallis, OR",41,Oregon,3,Benton,44.5884,-123.2673
11/6/2010,AQS,410030013,3,11.3,ug/m3 LC,47,Corvallis Circle Blvd. at FD #3,1,100,88502,Acceptable PM2.5 AQI & Speciation Mass,18700,"Corvallis, OR",41,Oregon,3,Benton,44.5884,-123.2673
11/7/2010,AQS,410030013,3,6,ug/m3 LC,25,Corvallis Circle Blvd. at FD #3,1,100,88502,Acceptable PM2.5 AQI & Speciation Mass,18700,"Corvallis, OR",41,Oregon,3,Benton,44.5884,-123.2673
11/8/2010,AQS,410030013,3,6.1,ug/m3 LC,25,Corvallis Circle Blvd. at FD #3,1,100,88502,Acceptable PM2.5 AQI & Speciation Mass,18700,"Corvallis, OR",41,Oregon,3,Benton,44.5884,-123.2673
11/9/2010,AQS,410030013,3,7.5,ug/m3 LC,31,Corvallis Circle Blvd. at FD #3,1,100,88502,Acceptable PM2.5 AQI & Speciation Mass,18700,"Corvallis, OR",41,Oregon,3,Benton,44.5884,-123.2673
11/10/2010,AQS,410030013,3,8.1,ug/m3 LC,34,Corvallis Circle Blvd. at FD #3,1,100,88502,Acceptable PM2.5 AQI & Speciation Mass,18700,"Corvallis, OR",41,Oregon,3,Benton,44.5884,-123.2673
11/11/2010,AQS,410030013,3,9.6,ug/m3 LC,40,Corvallis Circle Blvd. at FD #3,1,100,88502,Acceptable PM2.5 AQI & Speciation Mass,18700,"Corvallis, OR",41,Oregon,3,Benton,44.5884,-123.2673
11/12/2010,AQS,410030013,3,8.9,ug/m3 LC,37,Corvallis Circle Blvd. at FD #3,1,100,88502,Acceptable PM2.5 AQI & Speciation Mass,18700,"Corvallis, OR",41,Oregon,3,Benton,44.5884,-123.2673
11/13/2010,AQS,410030013,3,11.1,ug/m3 LC,46,Corvallis Circle Blvd. at FD #3,1,100,88502,Acceptable PM2.5 AQI & Speciation Mass,18700,"Corvallis, OR",41,Oregon,3,Benton,44.5884,-123.2673
11/14/2010,AQS,410030013,3,3.7,ug/m3 LC,15,Corvallis Circle Blvd. at FD #3,1,100,88502,Acceptable PM2.5 AQI & Speciation Mass,18700,"Corvallis, OR",41,Oregon,3,Benton,44.5884,-123.2673
11/15/2010,AQS,410030013,3,2.4,ug/m3 LC,10,Corvallis Circle Blvd. at FD #3,1,100,88502,Acceptable PM2.5 AQI & Speciation Mass,18700,"Corvallis, OR",41,Oregon,3,Benton,44.5884,-123.2673
11/16/2010,AQS,410030013,3,5.5,ug/m3 LC,23,Corvallis Circle Blvd. at FD #3,1,100,88502,Acceptable PM2.5 AQI & Speciation Mass,18700,"Corvallis, OR",41,Oregon,3,Benton,44.5884,-123.2673
11/17/2010,AQS,410030013,3,6.3,ug/m3 LC,26,Corvallis Circle Blvd. at FD #3,1,100,88502,Acceptable PM2.5 AQI & Speciation Mass,18700,"Corvallis, OR",41,Oregon,3,Benton,44.5884,-123.2673
11/18/2010,AQS,410030013,3,3.2,ug/m3 LC,13,Corvallis Circle Blvd. at FD #3,1,100,88502,Acceptable PM2.5 AQI & Speciation Mass,18700,"Corvallis, OR",41,Oregon,3,Benton,44.5884,-123.2673
11/19/2010,AQS,410030013,3,3.4,ug/m3 LC,14,Corvallis Circle Blvd. at FD #3,1,100,88502,Acceptable PM2.5 AQI & Speciation Mass,18700,"Corvallis, OR",41,Oregon,3,Benton,44.5884,-123.2673
11/20/2010,AQS,410030013,3,3.8,ug/m3 LC,16,Corvallis Circle Blvd. at FD #3,1,100,88502,Acceptable PM2.5 AQI & Speciation Mass,18700,"Corvallis, OR",41,Oregon,3,Benton,44.5884,-123.2673
11/21/2010,AQS,410030013,3,7.6,ug/m3 LC,32,Corvallis Circle Blvd. at FD #3,1,100,88502,Acceptable PM2.5 AQI & Speciation Mass,18700,"Corvallis, OR",41,Oregon,3,Benton,44.5884,-123.2673
11/22/2010,AQS,410030013,3,3.3,ug/m3 LC,14,Corvallis Circle Blvd. at FD #3,1,100,88502,Acceptable PM2.5 AQI & Speciation Mass,18700,"Corvallis, OR",41,Oregon,3,Benton,44.5884,-123.2673
11/23/2010,AQS,410030013,3,7.4,ug/m3 LC,31,Corvallis Circle Blvd. at FD #3,1,100,88502,Acceptable PM2.5 AQI & Speciation Mass,18700,"Corvallis, OR",41,Oregon,3,Benton,44.5884,-123.2673
11/24/2010,AQS,410030013,3,18.1,ug/m3 LC,64,Corvallis Circle Blvd. at FD #3,1,100,88502,Acceptable PM2.5 AQI & Speciation Mass,18700,"Corvallis, OR",41,Oregon,3,Benton,44.5884,-123.2673
11/25/2010,AQS,410030013,3,14.5,ug/m3 LC,56,Corvallis Circle Blvd. at FD #3,1,100,88502,Acceptable PM2.5 AQI & Speciation Mass,18700,"Corvallis, OR",41,Oregon,3,Benton,44.5884,-123.2673
11/26/2010,AQS,410030013,3,4.4,ug/m3 LC,18,Corvallis Circle Blvd. at FD #3,1,100,88502,Acceptable PM2.5 AQI & Speciation Mass,18700,"Corvallis, OR",41,Oregon,3,Benton,44.5884,-123.2673
11/27/2010,AQS,410030013,3,5.9,ug/m3 LC,25,Corvallis Circle Blvd. at FD #3,1,100,88502,Acceptable PM2.5 AQI & Speciation Mass,18700,"Corvallis, OR",41,Oregon,3,Benton,44.5884,-123.2673
11/28/2010,AQS,410030013,3,8.4,ug/m3 LC,35,Corvallis Circle Blvd. at FD #3,1,100,88502,Acceptable PM2.5 AQI & Speciation Mass,18700,"Corvallis, OR",41,Oregon,3,Benton,44.5884,-123.2673
11/29/2010,AQS,410030013,3,9.9,ug/m3 LC,41,Corvallis Circle Blvd. at FD #3,1,100,88502,Acceptable PM2.5 AQI & Speciation Mass,18700,"Corvallis, OR",41,Oregon,3,Benton,44.5884,-123.2673
11/30/2010,AQS,410030013,3,3.1,ug/m3 LC,13,Corvallis Circle Blvd. at FD #3,1,100,88502,Acceptable PM2.5 AQI & Speciation Mass,18700,"Corvallis, OR",41,Oregon,3,Benton,44.5884,-123.2673
12/1/2010,AQS,410030013,3,4.1,ug/m3 LC,17,Corvallis Circle Blvd. at FD #3,1,100,88502,Acceptable PM2.5 AQI & Speciation Mass,18700,"Corvallis, OR",41,Oregon,3,Benton,44.5884,-123.2673
12/2/2010,AQS,410030013,3,8.1,ug/m3 LC,34,Corvallis Circle Blvd. at FD #3,1,100,88502,Acceptable PM2.5 AQI & Speciation Mass,18700,"Corvallis, OR",41,Oregon,3,Benton,44.5884,-123.2673
12/3/2010,AQS,410030013,3,5.5,ug/m3 LC,23,Corvallis Circle Blvd. at FD #3,1,100,88502,Acceptable PM2.5 AQI & Speciation Mass,18700,"Corvallis, OR",41,Oregon,3,Benton,44.5884,-123.2673
12/4/2010,AQS,410030013,3,4.7,ug/m3 LC,20,Corvallis Circle Blvd. at FD #3,1,100,88502,Acceptable PM2.5 AQI & Speciation Mass,18700,"Corvallis, OR",41,Oregon,3,Benton,44.5884,-123.2673
12/5/2010,AQS,410030013,3,9.7,ug/m3 LC,40,Corvallis Circle Blvd. at FD #3,1,100,88502,Acceptable PM2.5 AQI & Speciation Mass,18700,"Corvallis, OR",41,Oregon,3,Benton,44.5884,-123.2673
12/6/2010,AQS,410030013,3,8.9,ug/m3 LC,37,Corvallis Circle Blvd. at FD #3,1,100,88502,Acceptable PM2.5 AQI & Speciation Mass,18700,"Corvallis, OR",41,Oregon,3,Benton,44.5884,-123.2673
12/7/2010,AQS,410030013,3,15.4,ug/m3 LC,58,Corvallis Circle Blvd. at FD #3,1,100,88502,Acceptable PM2.5 AQI & Speciation Mass,18700,"Corvallis, OR",41,Oregon,3,Benton,44.5884,-123.2673
12/8/2010,AQS,410030013,3,5.5,ug/m3 LC,23,Corvallis Circle Blvd. at FD #3,1,100,88502,Acceptable PM2.5 AQI & Speciation Mass,18700,"Corvallis, OR",41,Oregon,3,Benton,44.5884,-123.2673
12/9/2010,AQS,410030013,3,2.6,ug/m3 LC,11,Corvallis Circle Blvd. at FD #3,1,100,88502,Acceptable PM2.5 AQI & Speciation Mass,18700,"Corvallis, OR",41,Oregon,3,Benton,44.5884,-123.2673
12/10/2010,AQS,410030013,3,6.2,ug/m3 LC,26,Corvallis Circle Blvd. at FD #3,1,100,88502,Acceptable PM2.5 AQI & Speciation Mass,18700,"Corvallis, OR",41,Oregon,3,Benton,44.5884,-123.2673
12/11/2010,AQS,410030013,3,5.1,ug/m3 LC,21,Corvallis Circle Blvd. at FD #3,1,100,88502,Acceptable PM2.5 AQI & Speciation Mass,18700,"Corvallis, OR",41,Oregon,3,Benton,44.5884,-123.2673
12/12/2010,AQS,410030013,3,1.9,ug/m3 LC,8,Corvallis Circle Blvd. at FD #3,1,100,88502,Acceptable PM2.5 AQI & Speciation Mass,18700,"Corvallis, OR",41,Oregon,3,Benton,44.5884,-123.2673
12/13/2010,AQS,410030013,3,2.4,ug/m3 LC,10,Corvallis Circle Blvd. at FD #3,1,100,88502,Acceptable PM2.5 AQI & Speciation Mass,18700,"Corvallis, OR",41,Oregon,3,Benton,44.5884,-123.2673
12/14/2010,AQS,410030013,3,2.2,ug/m3 LC,9,Corvallis Circle Blvd. at FD #3,1,100,88502,Acceptable PM2.5 AQI & Speciation Mass,18700,"Corvallis, OR",41,Oregon,3,Benton,44.5884,-123.2673
12/15/2010,AQS,410030013,3,3.5,ug/m3 LC,15,Corvallis Circle Blvd. at FD #3,1,100,88502,Acceptable PM2.5 AQI & Speciation Mass,18700,"Corvallis, OR",41,Oregon,3,Benton,44.5884,-123.2673
12/16/2010,AQS,410030013,3,6.4,ug/m3 LC,27,Corvallis Circle Blvd. at FD #3,1,100,88502,Acceptable PM2.5 AQI & Speciation Mass,18700,"Corvallis, OR",41,Oregon,3,Benton,44.5884,-123.2673
12/17/2010,AQS,410030013,3,12.1,ug/m3 LC,51,Corvallis Circle Blvd. at FD #3,1,100,88502,Acceptable PM2.5 AQI & Speciation Mass,18700,"Corvallis, OR",41,Oregon,3,Benton,44.5884,-123.2673
12/18/2010,AQS,410030013,3,3.8,ug/m3 LC,16,Corvallis Circle Blvd. at FD #3,1,100,88502,Acceptable PM2.5 AQI & Speciation Mass,18700,"Corvallis, OR",41,Oregon,3,Benton,44.5884,-123.2673
12/19/2010,AQS,410030013,3,3.4,ug/m3 LC,14,Corvallis Circle Blvd. at FD #3,1,100,88502,Acceptable PM2.5 AQI & Speciation Mass,18700,"Corvallis, OR",41,Oregon,3,Benton,44.5884,-123.2673
12/20/2010,AQS,410030013,3,2.8,ug/m3 LC,12,Corvallis Circle Blvd. at FD #3,1,100,88502,Acceptable PM2.5 AQI & Speciation Mass,18700,"Corvallis, OR",41,Oregon,3,Benton,44.5884,-123.2673
12/21/2010,AQS,410030013,3,6.9,ug/m3 LC,29,Corvallis Circle Blvd. at FD #3,1,100,88502,Acceptable PM2.5 AQI & Speciation Mass,18700,"Corvallis, OR",41,Oregon,3,Benton,44.5884,-123.2673
12/22/2010,AQS,410030013,3,5.1,ug/m3 LC,21,Corvallis Circle Blvd. at FD #3,1,100,88502,Acceptable PM2.5 AQI & Speciation Mass,18700,"Corvallis, OR",41,Oregon,3,Benton,44.5884,-123.2673
12/23/2010,AQS,410030013,3,5.2,ug/m3 LC,22,Corvallis Circle Blvd. at FD #3,1,100,88502,Acceptable PM2.5 AQI & Speciation Mass,18700,"Corvallis, OR",41,Oregon,3,Benton,44.5884,-123.2673
12/24/2010,AQS,410030013,3,8.6,ug/m3 LC,36,Corvallis Circle Blvd. at FD #3,1,100,88502,Acceptable PM2.5 AQI & Speciation Mass,18700,"Corvallis, OR",41,Oregon,3,Benton,44.5884,-123.2673
12/25/2010,AQS,410030013,3,8.4,ug/m3 LC,35,Corvallis Circle Blvd. at FD #3,1,100,88502,Acceptable PM2.5 AQI & Speciation Mass,18700,"Corvallis, OR",41,Oregon,3,Benton,44.5884,-123.2673
12/26/2010,AQS,410030013,3,2.2,ug/m3 LC,9,Corvallis Circle Blvd. at FD #3,1,100,88502,Acceptable PM2.5 AQI & Speciation Mass,18700,"Corvallis, OR",41,Oregon,3,Benton,44.5884,-123.2673
12/27/2010,AQS,410030013,3,1.9,ug/m3 LC,8,Corvallis Circle Blvd. at FD #3,1,100,88502,Acceptable PM2.5 AQI & Speciation Mass,18700,"Corvallis, OR",41,Oregon,3,Benton,44.5884,-123.2673
12/28/2010,AQS,410030013,3,1.9,ug/m3 LC,8,Corvallis Circle Blvd. at FD #3,1,100,88502,Acceptable PM2.5 AQI & Speciation Mass,18700,"Corvallis, OR",41,Oregon,3,Benton,44.5884,-123.2673
12/29/2010,AQS,410030013,3,3,ug/m3 LC,13,Corvallis Circle Blvd. at FD #3,1,100,88502,Acceptable PM2.5 AQI & Speciation Mass,18700,"Corvallis, OR",41,Oregon,3,Benton,44.5884,-123.2673
12/30/2010,AQS,410030013,3,10,ug/m3 LC,42,Corvallis Circle Blvd. at FD #3,1,100,88502,Acceptable PM2.5 AQI & Speciation Mass,18700,"Corvallis, OR",41,Oregon,3,Benton,44.5884,-123.2673
12/31/2010,AQS,410030013,3,20.2,ug/m3 LC,68,Corvallis Circle Blvd. at FD #3,1,100,88502,Acceptable PM2.5 AQI & Speciation Mass,18700,"Corvallis, OR",41,Oregon,3,Benton,44.5884,-123.2673
